nnwhsz,mtodyh,417
heakts,rufavf,93
heakts,nbwrxq,44
ynsold,eiotaw,315
ynsold,zarszy,444
ynsold,axdqdn,59
ynsold,xucnnr,325
ynsold,rkdxwj,331
iyohnc,hltxaq,274
azphmy,draval,297
zyjjjv,bvhtql,297
zyjjjv,orgfis,430
ujoewl,etujzu,210
ujoewl,ugalwh,292
fpnnot,jikzaw,178
fpnnot,jlbeyr,419
fpnnot,ecidks,192
asjjcr,pjsygt,324
asjjcr,ezcixy,330
dretgg,vepxah,44
eoxvmx,tamuic,151
gbkfzl,ucnloc,447
rhriia,bkxrmy,268
bjmpsr,syuuor,185
fqlvbc,xphokx,278
fqlvbc,vfccto,187
fqlvbc,vcsdbd,268
ylqkcq,zbexgw,177
ylqkcq,lkbzip,45
ylqkcq,ofnhyf,400
ylqkcq,lugcfv,264
tpkvvl,zanmbv,428
ogxpws,lcpcss,21
ogxpws,udpdip,216
fqevxb,loddxe,360
fqevxb,amzdig,4
kkswxw,tqxehs,261
kkswxw,ivymbs,46
kkswxw,pmoxum,387
kkswxw,wnkdar,40
kkswxw,hluurs,279
kkswxw,nmhyja,336
fcnlkp,lplaxf,79
fcnlkp,efuvbh,258
kptszq,vjzdaz,473
kptszq,lwzbuv,279
zrucph,podkrv,292
vtqzzs,buzpdr,332
vtqzzs,iatlwu,414
vtqzzs,fudaip,453
njiijd,pkayjj,214
njiijd,buumdq,306
njiijd,veaeri,164
wlubjp,ncldwm,478
wlubjp,zanmbv,347
wlubjp,ckwsjm,241
rmrhsf,qndmnf,28
rmrhsf,xedwsi,30
rmrhsf,fywxfc,184
rmrhsf,pcldqg,307
oqroqk,htfoft,497
oqroqk,aelhlr,205
oqroqk,twmjsv,309
oqroqk,xgflns,237
dguqfk,dpzrrp,259
qxtgxw,aotfcc,160
qxtgxw,ikzuew,235
qxtgxw,zaeowe,235
qgyjbl,vaonlb,308
qgyjbl,pqnpsu,174
qgyjbl,bizrtw,93
icykzc,ogxpws,255
icykzc,tlzorv,231
icykzc,vepxah,449
icykzc,zobpoj,143
uiwxlr,outdmc,415
tqxehs,lffmfd,181
tqxehs,jipfav,407
tqxehs,aedicf,355
tqxehs,lbjdbc,374
owbezm,jojeaq,194
owbezm,ckwsjm,118
oajykk,wjobio,397
tsvjgm,txagba,342
tsvjgm,tvloph,426
jojeaq,naxjgv,401
jojeaq,siacoo,106
jojeaq,bcsaab,71
jojeaq,mqlbzk,341
bkgmux,tlzorv,319
bkgmux,ufdmjp,89
pxmttm,hkwmyc,50
pxmttm,onousk,60
uumswm,hwvpcm,105
uumswm,tmsuqt,485
qtwnpb,pechxh,328
qywzoi,eprmgp,13
qywzoi,rikqof,9
qywzoi,jvtane,274
tajpie,kptszq,264
tajpie,yasnsq,230
tajpie,sjzxvw,493
sboeeh,bzvwpr,388
fdbesu,wlubjp,250
fdbesu,coahbr,470
fdbesu,jtmwtg,24
fdbesu,ttnjxx,380
fdbesu,onmwjx,430
bkxrmy,wfnctx,170
bkxrmy,qoxeqz,97
zujevr,dhntzw,172
zujevr,thndov,309
zujevr,ekndmv,401
fubbfk,gtbgwa,434
fubbfk,gsemsb,436
fubbfk,praafq,319
cmtild,yzqcyw,488
cmtild,axdqdn,206
cmtild,noxrwq,351
cmtild,gsemsb,379
cmtild,jnubls,159
cmtild,nbwrxq,4
ltdpqr,efazbn,395
ltdpqr,rhuepo,308
ltdpqr,onwrfa,113
fixoix,ncylsa,118
fixoix,yjxynh,143
xsntns,eiptve,381
gzgcjn,gmwzfq,291
gzgcjn,fpdper,137
ecjpwq,icpwip,335
ecjpwq,nezvpg,63
qnxged,nezvpg,132
qnxged,seephq,248
qnxged,nwhukp,22
uqrcdm,tmeigt,391
uqrcdm,mfkbmi,323
uqrcdm,qhahyr,373
jqiyem,yodjso,61
jqiyem,htfoft,328
jqiyem,fzgmth,306
dqzxjf,uhawph,362
dqzxjf,mpxsyk,8
qgqhlr,yinfwf,55
dtkdtm,axdqdn,149
dtkdtm,duzcse,384
dtkdtm,wnabfr,133
dtkdtm,enkclt,290
dtkdtm,xvscnj,479
ygcsjj,tyfilt,471
ygcsjj,lwxxyf,320
ygcsjj,myfnrm,447
ygcsjj,ornctc,348
nvseji,heakts,285
nvseji,xcrakk,211
nvseji,psfcfp,85
nvseji,dvhweg,15
ymupor,qslmqv,377
ymupor,afzzeg,374
pbtdui,fknitb,169
ctdmdk,zdyhhj,396
ctdmdk,zvxqdv,344
ctdmdk,zmfbpg,464
ctdmdk,xajejx,352
rkcabz,lcpcss,284
rkcabz,fsmryf,351
rkcabz,rqpvhr,221
fzpmvz,lajwxj,9
fzpmvz,cgnrwu,180
fzpmvz,afauzs,439
fzpmvz,jknrvq,499
vbdfqq,sttgfh,43
vbdfqq,hnscgd,142
vbdfqq,qhahyr,373
ycigue,zbexgw,145
ycigue,enkclt,125
ycigue,kmgnaq,480
yzqcyw,tzrcew,153
fknitb,syuuor,192
fknitb,cjzjvg,332
loddxe,gtbgwa,229
loddxe,nbwrxq,218
fvbeiw,zrexrg,354
adysvn,gnfgur,404
nmcaxs,jxhsth,384
nmcaxs,rqmhkl,120
jezddk,vynnhd,143
jezddk,pzqtol,13
dvavac,basjfe,118
dvavac,bgkiyt,174
fygtlk,aodffa,465
fygtlk,euzzrx,355
fygtlk,fbomwv,214
fygtlk,cnuows,124
wmqpas,thkbdx,291
wmqpas,yomsax,484
wmqpas,fevtxk,387
wmqpas,osybaz,19
frgcsq,olzcuc,163
qvqbcv,wabfyn,142
qvqbcv,zstnsg,23
gnhzli,yeosmv,180
gnhzli,jivcvo,241
efvchh,vbdfqq,64
efvchh,vcuzqw,332
efvchh,ecidks,286
jfhach,eqohwl,287
tehmmk,pbtdui,59
tehmmk,nwvdfr,84
tehmmk,fyurnw,79
bxuggb,sqnvor,420
bxuggb,yyhsdn,154
pxpqad,tyfilt,281
iqppjd,sboeeh,422
iqppjd,olzcuc,281
rikqof,rjflxg,199
rikqof,mqlbzk,375
rikqof,eusmje,327
woobjz,infnqz,177
pqaueh,uepvwd,207
pqaueh,jmcgpo,197
smfrhm,zeqouo,114
smfrhm,rovcpk,258
hynfcx,tqzbim,23
hynfcx,pczopc,439
hynfcx,duzcse,106
hynfcx,hltxaq,266
gsulen,rovcpk,490
brgjzq,uumswm,191
brgjzq,qvqbcv,227
xahyan,tpkvvl,424
xahyan,jmvons,348
xahyan,lwxxyf,446
lacjgz,swzyxv,473
yannul,gqqthf,160
yannul,vzzqct,463
yannul,sllehy,46
yannul,obryoy,21
yannul,sxcxcd,90
icpwip,ymupor,418
icpwip,hoiiqb,245
nqvhpw,rfmpil,275
lfkmlv,heakts,22
lfkmlv,asjjcr,494
lfkmlv,xjljpc,3
lfkmlv,sbbjgp,309
sdbgmq,yrrusb,169
sdbgmq,fywxfc,348
sdbgmq,qgmswy,164
sdbgmq,ftaymk,182
savaqc,zwubdg,114
savaqc,rgwlpo,442
savaqc,bkfkhz,323
savaqc,udgzjp,230
trnogd,llswqw,144
trnogd,xttzjs,325
tgsjxs,bksxsf,379
wzmscj,ktgelb,126
wzmscj,josyen,248
wzmscj,fnyfwy,38
nilaro,czcypz,55
ttuoqy,tpnucx,377
ttuoqy,ysofxs,82
akocfw,uigfbg,291
akocfw,jlbeyr,56
akocfw,yixjhi,246
akocfw,qthifz,311
akocfw,mfkbmi,419
ktgelb,kptszq,177
ktgelb,zuebuo,35
ktgelb,jtmwtg,406
hqphlt,qckiyf,331
hqphlt,cjzjvg,4
vaonlb,buzpdr,412
vaonlb,jivcvo,33
bgnglg,ltdpqr,469
bgnglg,bmwbrc,257
nezvpg,inlqtu,179
nezvpg,swzyxv,203
nezvpg,lwotcy,403
nezvpg,ncvxih,108
zbpoct,sqnvor,133
zbpoct,fcevit,298
zbpoct,icgkwa,124
zbpoct,zaeowe,418
eiqygg,zyjjjv,256
eiqygg,vaonlb,473
eiqygg,onwrfa,132
eiqygg,boodmv,298
eiqygg,mcdsfc,304
eiqygg,vsoplp,110
mbbszf,qgmswy,421
mbbszf,zrexrg,69
mbbszf,ctbbzz,355
ehbncy,csowqj,444
ehbncy,hvdnod,7
pwmxau,rikqof,266
pwmxau,ftaymk,204
pwmxau,odvuma,124
hfrtxr,veaeri,463
eiotaw,xjljpc,214
jngcmi,crddek,366
ojlpuo,mhxfba,101
ojlpuo,zciaou,92
idlhum,iyohnc,121
idlhum,pqaueh,40
idlhum,udpdip,107
idlhum,wrxxhs,50
jlwwfz,zyjjjv,281
jlwwfz,cfzfga,2
jlwwfz,bhjplc,257
layucf,ufgnga,184
layucf,pkayjj,198
layucf,mcmfrm,412
layucf,dfyhxr,472
layucf,zlsvdx,33
fytilu,szpghu,330
fytilu,aeqbnp,498
fytilu,jkfgst,275
tskony,swzyxv,268
ivymbs,hynfcx,414
ivymbs,rkdxwj,264
tlzorv,iphlcj,90
fjwrzw,bcsaab,452
fjwrzw,vjzdaz,432
fjwrzw,ysofxs,440
hwvpcm,siacoo,22
sqnvor,ktaohc,139
sqnvor,zgpcdb,287
ukhjeb,ukpvig,33
mjbvvn,wvcfez,161
sttgfh,nuscjp,302
dhntzw,fcnlkp,350
dhntzw,jytdon,438
dhntzw,bownaf,211
dhntzw,bizrtw,424
dhntzw,gpnfiz,140
ajsfmm,hfrtxr,159
ajsfmm,nmhyja,214
kgaotn,ugppol,140
zfueee,fixoix,228
zdyhhj,pqrjyi,182
zdyhhj,buzpdr,206
zdyhhj,fzkfep,61
tcdayg,uwirxr,484
yseuzf,sdbgmq,92
yseuzf,aezhky,312
fsgszh,fvbeiw,428
rdzhwp,httqim,355
rdzhwp,btyyea,484
rdzhwp,vhueyj,441
rdzhwp,pecaen,384
jikzaw,lsbmxo,254
lcpcss,jwngph,163
lcpcss,bwcavs,346
lniwzp,rgwlpo,136
lniwzp,vnmozx,152
lniwzp,vqzeiq,292
lniwzp,wvqtmh,188
fbdywv,iyohnc,444
fbdywv,mqlbzk,474
bnhign,nsvvnr,189
ulnjgo,sytwqc,331
ulnjgo,ibwnbu,224
xtjhgr,zlajwr,85
xtjhgr,btyphm,332
xtjhgr,lugcfv,195
pjsygt,yuivro,87
pjsygt,vzzqct,240
zarszy,swivdv,465
wqgzej,fzpmvz,31
wqgzej,ofjegb,341
wqgzej,wkxqew,24
thndov,rnxjly,453
jvtane,vvdrtr,20
vepxah,psjqhg,239
hajvxg,nuhnir,404
hajvxg,nktojr,193
envtmz,rnweie,198
envtmz,yzemxg,186
envtmz,praafq,87
envtmz,vhhqal,390
mrgnzj,coahbr,470
mrgnzj,jxhsth,172
yrrusb,edlhrx,2
yrrusb,ccjyal,136
ufrbgf,pxmttm,166
ufrbgf,gmmera,295
ufrbgf,bxeyzu,92
ufrbgf,rjvfzs,52
yihljo,jikzaw,213
httqim,fytilu,229
httqim,qbxupx,337
httqim,izuqqu,179
httqim,rkdxwj,331
qllaqj,smoaoh,287
qllaqj,zobvup,390
nuscjp,ylqkcq,123
nuscjp,ueehbh,343
nuscjp,lgbelk,350
cyydwl,layucf,171
byxbdg,zrucph,348
byxbdg,jyeowo,64
byxbdg,ikdnyg,172
coahbr,wjglrp,334
josyen,zdyhhj,283
josyen,vdzfcj,467
uogbsh,qndmnf,21
uogbsh,wgltqj,225
uogbsh,mflogw,320
gjoaoq,grhpkx,81
gjoaoq,ftjfee,227
zlajwr,mflogw,216
ptfakc,jjmoxt,42
ptfakc,euzpzi,357
uigfbg,vbdfqq,296
uigfbg,pqaueh,331
uigfbg,jgyvwz,208
vellpq,qgcbpp,184
vellpq,myfnrm,491
vmeqtr,amzdig,310
vmeqtr,ilvezc,112
vmeqtr,iatlwu,81
jlbeyr,heakts,444
jlbeyr,stcfwu,66
guxtbp,stcfwu,460
guxtbp,dukpwi,247
kububi,jwdhte,373
tqzbim,gzgcjn,85
tqzbim,xyxgnw,428
tqzbim,bcqocs,347
yuwlrx,msozne,444
yuwlrx,aqxtzm,401
yuwlrx,vcuzqw,241
qndmnf,ylqkcq,487
qndmnf,gnhzli,96
uvcgxm,cczzmw,326
gqwfpr,bqadir,450
gqwfpr,zaeowe,193
gqwfpr,ugpxmj,196
inlqtu,jqiyem,80
inlqtu,scwfuv,172
qigkqa,tgsjxs,13
gzpkue,hbgjso,466
gzpkue,vsoplp,31
qmtjxp,nvseji,257
fnyfwy,gnhzli,399
fnyfwy,hynfcx,77
fnyfwy,bgnglg,71
fnyfwy,wabfyn,225
fnyfwy,jmcgpo,134
igoxta,crddek,265
yyhsdn,qjarfk,90
yyhsdn,jnisuo,496
nwvdfr,uavtzx,347
nwvdfr,rvpzhd,449
nsxzio,ujoewl,275
hdbuot,mflogw,362
hdbuot,mtmozv,40
hdbuot,xdrkhg,92
uscptl,pjaszl,496
uscptl,sjzxvw,242
nsxxou,voqqod,439
nsxxou,lsbmxo,269
nsxxou,vcsdbd,299
spgzfv,nezvpg,55
spgzfv,podkrv,229
bzvwpr,hcczmg,48
bzvwpr,uepvwd,465
dwvbxw,uwirxr,50
dwvbxw,zuebuo,143
dwvbxw,osybaz,456
qaxlwf,euzpzi,466
ktkklq,qywzoi,278
ktkklq,ajtjvs,193
ktkklq,wourcm,398
tyfilt,wjobio,361
tyfilt,pechxh,230
tyfilt,aepycu,173
xtdcap,gbsetj,55
gbonwp,tcdayg,86
gbonwp,msqbtz,400
huawqt,gmqxif,342
aodffa,jikzaw,415
aodffa,vcogfb,85
wszjoj,orcxhk,486
wszjoj,xinkmx,369
wszjoj,cydtlc,202
wszjoj,zjoqfa,398
lluklt,jlbeyr,395
lluklt,udpdip,198
pexvyr,kqwjpq,230
pexvyr,gmmera,61
pexvyr,hbgjso,129
lffmfd,dvhweg,393
lplaxf,mgsogj,482
lplaxf,xljdbt,15
lplaxf,hbgjso,343
xrnnwy,wqgzej,163
xrnnwy,atfrvn,131
xrnnwy,efuvbh,135
xrnnwy,dorqjn,451
msozne,fbslfu,10
msozne,wvcfez,366
xjljpc,dtkdtm,253
xjljpc,rrfrqp,451
xjljpc,nrwfef,159
xjljpc,ydnakc,387
oxjgmg,vbdfqq,377
oxjgmg,ozxmjg,156
oxjgmg,sxcxcd,78
dfjwyo,fsgszh,297
dfjwyo,mcmfrm,108
dfjwyo,fzjpwx,274
dfjwyo,ajwose,350
efazbn,djluhw,302
efazbn,mflogw,375
efazbn,meggjh,405
ltmhno,sboeeh,226
kqwjpq,jlbeyr,144
kqwjpq,sauuqh,203
udwlat,gzgcjn,212
udwlat,jmvons,346
udwlat,joabtz,15
udwlat,xnkvwd,36
gmmera,uhawph,480
gmmera,euzzrx,93
gmmera,iphlcj,444
gmmera,lwotcy,383
gmmera,rguort,17
jwngph,cnuows,332
jwngph,pcpxlm,356
tmeigt,zqarbr,349
tmeigt,crddek,397
yodjso,dunhyi,31
yodjso,ezcixy,459
xfoivk,vellpq,361
xfoivk,wageos,24
xfoivk,aqoira,64
zmvsum,kaxbre,37
zmvsum,ccjyal,320
zmvsum,vfccto,104
zmvsum,icgkwa,308
btyyea,nktojr,202
btyyea,osttpr,459
gbsetj,ijmvwi,303
gbsetj,fjilwz,59
wfnctx,pulciw,245
wfnctx,gzmpip,90
lajwxj,zrucph,348
lajwxj,owbezm,268
lajwxj,hqroue,204
lajwxj,aezhky,208
ajtjvs,jmvons,487
sjihiw,zhudmx,56
fywxfc,qxtgxw,274
fywxfc,yannul,442
fywxfc,haliar,349
uavtzx,ajsfmm,418
uavtzx,xtjhgr,125
vunxtp,vbdfqq,192
vunxtp,cydtlc,73
yutoys,aqxtzm,480
yutoys,mcmyxz,348
mtbotm,fdiebj,406
mtbotm,sntmos,173
mtbotm,vynnhd,73
eurjkm,vcdagn,89
eurjkm,xevqkn,452
tpnucx,iowgwf,498
tpnucx,tvloph,145
tpnucx,pwacpc,468
znsleq,hcwcjp,54
eecjoc,sttgfh,155
ykryyo,fixoix,120
ykryyo,crdfal,454
ykryyo,vjftbf,162
ykryyo,ftmbkq,456
wourcm,hpcbel,169
wourcm,rhuiti,252
wourcm,crdfal,196
wourcm,pzsezg,130
rnweie,tmjfgv,247
xyxgnw,lwotcy,386
xyxgnw,zopkeg,131
eiptve,josyen,487
eiptve,ftaymk,143
eiptve,hbgjso,227
ftlprc,sqnvor,319
qguoxl,xbtpjt,242
orcxhk,crdfal,467
smoaoh,uumswm,204
rlrtas,xucnnr,76
qcllgi,aunqtb,221
qcllgi,ovshhf,115
qcllgi,osttpr,275
puhoxa,idlhum,105
puhoxa,bjkyby,438
vviuus,ltdpqr,85
vviuus,kifahj,259
ubbngu,tmeigt,366
ubbngu,jbmqrg,7
ubbngu,hvdnod,84
ihiqsi,fqlvbc,443
ihiqsi,sqnvor,357
ihiqsi,mjbvvn,117
ihiqsi,wkxqew,234
aotfcc,vdephh,365
aotfcc,dfyhxr,284
yasnsq,jlbeyr,73
yasnsq,nmhyja,330
yasnsq,ornctc,379
hrwwqy,xmkpyo,225
hrwwqy,ydzwca,332
xxizij,kububi,204
xxizij,cczzmw,163
xxizij,nenepz,182
fauscg,ujoewl,291
fauscg,msqbtz,23
axdqdn,voqqod,419
axdqdn,qsrozs,145
axdqdn,zjdemz,192
mrjrkv,nzcmhh,241
mrjrkv,osttpr,428
mwlkpw,yzqcyw,177
mwlkpw,aodffa,235
mwlkpw,olzcuc,318
xxbopv,vhmcul,53
xxbopv,tdoabv,318
xxbopv,bwezrl,171
xxbopv,apiwwl,390
ufgnga,ofjegb,301
ufgnga,spgxjo,25
atfrvn,tgsjxs,192
atfrvn,mfkbmi,98
noxrwq,pkayjj,51
noxrwq,rifqlj,392
gmwzfq,cgnrwu,370
zwubdg,ornctc,4
zwubdg,avbpvo,394
zwubdg,hbfiod,118
zwubdg,ysofxs,59
sdreem,qgyjbl,485
sdreem,tzrcew,102
sdreem,ybbwhw,194
kznihf,envtmz,137
pqrjyi,uigfbg,463
pqrjyi,hhiwis,244
pqrjyi,eusmje,9
pqrjyi,xbtpjt,472
lfiicq,jevdpd,82
gwbgjp,nsvvnr,46
wgxqxt,xtjhgr,193
wgxqxt,efuvbh,175
dskmzb,lcdinu,264
dskmzb,wnkdar,202
dskmzb,xcrakk,221
dskmzb,ibwnbu,333
hpcbel,nqvhpw,467
hpcbel,sotbcq,432
rhuepo,httqim,122
rhuepo,fyszvy,236
rhuepo,draval,195
cewruh,bjmpsr,326
cewruh,quktmh,298
snglqs,djluhw,470
szpghu,tmeigt,226
szpghu,lpzvog,312
voqqod,oxjgmg,198
voqqod,nsvvnr,131
rfmpil,qcnwva,428
rfmpil,xevqkn,360
rfmpil,crddek,255
ukpvig,efazbn,32
ukpvig,mwlkpw,46
xmuixg,sqbacy,443
haitia,todnvv,123
haitia,zsigjf,87
dpzrrp,zbexgw,307
dpzrrp,faxzbs,34
gjusye,efztjv,499
rgwlpo,gmmzzp,161
rgwlpo,enkclt,474
vdzfcj,pczopc,85
vdzfcj,wrwmck,495
vdzfcj,sauuqh,313
zbhrxp,nqkhey,225
xyvsgo,rhriia,263
xyvsgo,wszjoj,236
xyvsgo,vuvzfy,135
xyvsgo,liilcr,20
xyvsgo,bkfkhz,287
xyvsgo,pfbpen,219
jbmqrg,iowgwf,388
hpkesz,yuivro,363
hpkesz,lcbvcv,292
euodia,rnxjly,43
pjaszl,puhoxa,62
jipfav,awivcj,438
jipfav,topcnm,197
jipfav,jmcgpo,64
jipfav,vynnhd,208
udhhql,pqaueh,375
fsmjzk,nilaro,112
fsmjzk,hwwxew,240
yfsuqy,jfhach,325
yfsuqy,oqxzmi,52
yfsuqy,vcdagn,479
bbwvqx,kvfeea,13
bbwvqx,vhueyj,325
bbwvqx,dbhkiv,432
gyxzpi,nezvpg,45
gyxzpi,dnnvto,143
gyxzpi,nsvvnr,460
gyxzpi,xbtpjt,189
tfukvd,dqzxjf,168
tfukvd,zopkeg,260
swzyxv,zogshe,458
ilacux,dvavac,285
ilacux,noxrwq,462
pwvcpa,eecjoc,103
sklrbb,sryhds,326
sklrbb,pczopc,260
sklrbb,wunnfe,418
cjklyk,jojeaq,296
bctqfk,pnhuyr,399
firgpi,dnnvto,165
firgpi,ftjfee,317
iedqyq,bnhign,141
lwvdoc,tiwplk,449
crdfal,qsrozs,258
crdfal,zbgprj,156
crdfal,yjxynh,332
pyzxkv,msozne,285
pyzxkv,xyxgnw,29
garqck,ckzdyi,332
hkwmyc,zwubdg,200
hkwmyc,wnabfr,185
hkwmyc,ckzdyi,289
cczzmw,kqwjpq,471
cczzmw,aedicf,163
cczzmw,etujzu,136
lpzvog,qjarfk,464
lpzvog,fyurnw,394
sqbacy,uvcgxm,176
hxtfqb,lmzngi,65
yuivro,jieoie,27
thkbdx,fbdywv,241
drizki,nuscjp,411
drizki,ibwnbu,228
drizki,lbhjnz,384
drizki,bksxsf,288
pmrszg,fygtlk,317
pmrszg,mcdsfc,307
pmoxum,gqwfpr,213
pmoxum,zmbtsl,69
kvdggk,cydtlc,96
kvdggk,ivbomc,416
ussmeh,yutoys,97
ussmeh,orsuem,422
pqsflu,mrfacc,185
pqsflu,crddek,404
pqsflu,ubjqnc,189
pulciw,ncmfhs,180
bgqlqb,bbwvqx,192
bgqlqb,enkclt,310
aedicf,lpzvog,80
aedicf,panyzs,183
aedicf,tkwbsl,175
dnnvto,qaxlwf,220
bcqocs,pxmttm,449
bcqocs,ofnhyf,400
bcqocs,hnscgd,214
aeqbnp,fknitb,340
aeqbnp,sklrbb,35
aeqbnp,eogelg,141
aeqbnp,tamuic,263
aeqbnp,rjvfzs,320
cjwskq,hkwmyc,99
cjwskq,oauufe,460
cjwskq,pcpxlm,222
iaomhg,lcpcss,138
iaomhg,oxjgmg,174
iaomhg,yjxynh,277
jmvons,iwsirp,163
hhcxnt,tehmmk,105
hhcxnt,udwlat,23
kecqdj,jnubls,410
kecqdj,jmcgpo,297
yeosmv,rovcpk,173
nuhnir,vjozea,363
nuhnir,sdbehn,63
nuhnir,kgpuds,228
ettype,zciaou,440
ettype,tkwbsl,201
mlppyq,jwngph,306
mlppyq,pulciw,107
mlppyq,jieoie,109
mlppyq,vmmtdc,229
bmwbrc,bnhign,130
tdoabv,rjflxg,222
tdoabv,mbbszf,464
tdoabv,tqzbim,210
tdoabv,qckgus,157
tdoabv,qmgxyh,270
hhiwis,rnweie,341
hhiwis,cgnrwu,304
vuvzfy,lacjgz,230
vuvzfy,ufrbgf,186
vuvzfy,sqbacy,402
buzpdr,jngcmi,346
buzpdr,vcdagn,303
buzpdr,dvhweg,338
buzpdr,evtvsu,22
pncgpw,sbglpr,281
xhjiqu,zfueee,410
xhjiqu,kxuzzl,264
iwsirp,haitia,367
iwsirp,tppaxp,317
haliar,gbonwp,399
haliar,iaomhg,268
uwirxr,rdzhwp,61
uwirxr,xmkpyo,250
uwirxr,ilvezc,343
uwirxr,rifqlj,416
adoefq,hchvjv,116
adoefq,fzjpwx,257
flisjk,hcczmg,208
flisjk,pfbpen,403
zciaou,wtxjra,378
zstnsg,ecwaiy,209
zstnsg,etujzu,288
gqvwtt,iyblzr,89
jjcidb,qmtjxp,247
jjcidb,ihiqsi,75
jjcidb,dvhweg,52
vjozea,lwxxyf,76
vjozea,bmdvmh,152
vjozea,zhibky,288
wleesr,puhoxa,49
mlahvo,lplaxf,326
mlahvo,ncmfhs,335
mlahvo,lkuzkl,96
mlahvo,xbtpjt,219
kifahj,fpdper,295
draadt,qsrozs,174
aqxtzm,vviuus,426
nqkhey,qckiyf,85
nqkhey,meakgn,54
wegjdr,bkxrmy,240
lmzngi,mycwra,485
lmzngi,wszjoj,178
jisyek,ktkklq,404
jisyek,dgtdwp,398
jisyek,zjgpyv,362
jisyek,jkfgst,43
jisyek,jivcvo,417
jisyek,hbgjso,342
fbslfu,osybaz,134
fbslfu,cnuows,410
fbslfu,mcmyxz,156
euzzrx,jdcnpt,104
euzzrx,wegjdr,3
euzzrx,xfhbov,324
gervhv,ltdpqr,395
fyszvy,ogxpws,46
fyszvy,trnogd,222
zbexgw,uedimm,348
zbexgw,jtkcgy,391
xfhbov,vmeqtr,478
xfhbov,gmqxif,284
xfhbov,sjzxvw,131
xfhbov,csfvvx,236
igwtmf,lbovfq,298
wnkdar,euzzrx,433
wnkdar,umjrwt,482
wnkdar,adgcbj,36
wnkdar,infnqz,79
fmaevp,ilacux,201
fmaevp,siacoo,44
hcczmg,uhawph,480
xslgda,yrrusb,299
xslgda,zmfbpg,175
xinkmx,josyen,219
xinkmx,fnyfwy,187
zjgpyv,gnhzli,224
zjgpyv,seephq,329
zjgpyv,ydzwca,92
goiulo,dfjwyo,325
goiulo,gmmera,443
goiulo,pjaszl,231
goiulo,evtvsu,254
rrfrqp,lplaxf,453
rrfrqp,wkrzto,297
jyeowo,qslmqv,277
lqgrkp,vxyugi,205
lqgrkp,lbovfq,459
zuebuo,riqfyv,272
zuebuo,epngai,29
jieoie,ukhjeb,455
jieoie,ihfmmu,315
jieoie,cfzfga,67
jieoie,zoyokv,377
zeqouo,pyzxkv,464
zeqouo,vhhqal,114
gmqxif,fixoix,134
gmqxif,nsxxou,23
gmqxif,enkclt,218
udpdip,vcogfb,207
udpdip,vjchfi,72
egauce,aezhky,304
egauce,dakigs,58
egauce,xdrkhg,112
kxeeih,dfyhxr,253
lkbzip,ixhjzv,240
lkbzip,meqofr,311
djluhw,woobjz,93
djluhw,lffmfd,316
djluhw,ixlmfq,463
djluhw,riqfyv,348
xcrakk,szpghu,489
xcrakk,fpdper,78
ousahb,ukossh,217
xucnnr,gnhzli,123
xucnnr,cjklyk,421
xucnnr,fyszvy,99
uwbiik,sdbgmq,463
uwbiik,trnogd,390
uwbiik,csowqj,101
uwbiik,veaeri,434
bwezrl,efazbn,89
bwezrl,btyyea,275
bwezrl,mdbcye,468
zsxlxu,vjftbf,266
hcwcjp,dskmzb,92
hcwcjp,vgyuqk,61
hcwcjp,hkcffh,248
nplqzi,smtvqn,194
nplqzi,pnhuyr,40
nplqzi,icgkwa,135
ixlmfq,tgsjxs,431
ixlmfq,vdephh,32
cydtlc,hjnvaz,446
fqhtgw,azdest,230
fqhtgw,mhxfba,119
umjrwt,tqzbim,478
umjrwt,obatwj,377
umjrwt,ybbwhw,318
ktlrik,brgjzq,339
ktlrik,vepxah,486
cqcxei,gsemsb,464
cqcxei,riqfyv,118
cqcxei,uoqqze,497
cqcxei,zjoqfa,291
ibthef,xbtpjt,236
ugppol,qsjuvl,472
ugppol,pecaen,37
ugppol,onousk,426
xdqjls,gnfgur,476
nobxmk,lajwxj,195
nobxmk,mlppyq,144
nobxmk,usvoyt,386
nobxmk,ncmfhs,196
fevtxk,yzqcyw,172
fevtxk,fsgszh,321
qslmqv,ltmhno,446
adlyzy,xphokx,137
adlyzy,psatwk,168
wgltqj,tpkvvl,250
wgltqj,orgfis,376
vxyugi,wmqpas,76
vxyugi,tskony,436
vxyugi,gjusye,360
vxyugi,vcuzqw,113
fbomwv,pmoxum,311
fbomwv,csfvvx,380
fbomwv,ybbwhw,176
aunqtb,fmaevp,388
aunqtb,xzdczi,123
ivytxs,zgnbxz,7
ivytxs,draval,225
ivytxs,byuqqv,80
onwrfa,yasnsq,414
onwrfa,hkuhwv,34
onwrfa,vdtopl,257
sjdecz,nuscjp,98
sjdecz,btyphm,221
sjdecz,fzkfep,43
xjprvk,mwlkpw,24
xjprvk,xxbopv,197
xjprvk,pnupcw,491
xjprvk,orsuem,458
iphlcj,sbbjgp,217
naxjgv,lvxvdu,31
naxjgv,smiaib,468
naxjgv,rguort,111
hwkhlr,heakts,134
hwkhlr,fcnlkp,186
hwkhlr,pjsygt,160
sdbehn,adoefq,217
sdbehn,chfnoj,366
sdbehn,tiwplk,343
uedimm,dakigs,232
rvpzhd,pqaueh,177
ldsvqk,vmmtdc,182
aabdix,ufgnga,170
aabdix,euzpzi,56
xqhtzs,fytilu,105
dunhyi,oqxzmi,204
dunhyi,znsleq,403
dunhyi,vzzqct,236
dunhyi,vqzeiq,227
ztarxu,qxtgxw,73
ztarxu,uiwxlr,59
ztarxu,zujevr,399
ztarxu,jlbeyr,70
smiaib,uryfwc,418
smiaib,mgsogj,147
smiaib,tzrcew,430
eevaqa,ofrutw,41
qjarfk,qvqbcv,180
qjarfk,afzzeg,48
qjarfk,ryzqxw,423
alilce,vxyugi,249
alilce,usyayb,217
ofnhyf,dhntzw,347
ofnhyf,zqarbr,30
siacoo,ornctc,300
edzifk,dpzluw,212
draval,yomuel,167
vimrso,pnhuyr,218
vcogfb,cjzjvg,18
vcogfb,qthlnv,268
fssscz,puhoxa,44
fssscz,bwezrl,231
yqfpth,eipikh,299
sdrzsd,uscptl,243
sdrzsd,csowqj,380
sdrzsd,htfoft,367
yzemxg,obceuf,445
spdyfp,fcevit,328
spdyfp,ygxkbr,48
qcnwva,wourcm,254
asxdhj,csowqj,116
topcnm,huawqt,449
topcnm,aunqtb,82
topcnm,wrwmck,269
topcnm,onousk,221
nsvvnr,hwwxew,485
liilcr,dukpwi,386
jjmoxt,akocfw,83
jjmoxt,vmeqtr,457
pdxcqd,zgnbxz,192
pdxcqd,wlubjp,420
pdxcqd,fixoix,160
pdxcqd,savaqc,232
pdxcqd,kifahj,181
pdxcqd,dxonfc,74
usvoyt,tcdayg,497
usvoyt,gsemsb,239
bjkyby,kgybui,80
bjkyby,sjihiw,77
spgxjo,qjarfk,152
spgxjo,mdbcye,229
ujarni,bjmpsr,211
ujarni,pjsygt,58
ujarni,ztarxu,274
ukossh,fsgszh,71
ukossh,nppefp,411
fpdper,euzzrx,160
fpdper,ncylsa,246
pnupcw,htmkla,194
pnupcw,bgkiyt,331
pnupcw,hvdnod,60
zqarbr,ltdpqr,45
zqarbr,vellpq,177
zqarbr,wjobio,191
efuvbh,qmtjxp,19
fzttjh,rjvfzs,489
fzttjh,fjilwz,378
qckiyf,ofnhyf,259
sbxrlw,qxtgxw,427
sbxrlw,psjqhg,373
vcdagn,qslmqv,297
vcdagn,sjzxvw,277
vcdagn,fzgmth,347
sbhdcu,urkrbx,27
sbhdcu,hnscgd,108
qthifz,iaomhg,43
qthifz,ofnhyf,201
ixhjzv,sszmsz,5
lwxxyf,htfoft,137
lwxxyf,evtvsu,433
lwxxyf,yjxynh,411
gypxpo,xttzjs,102
sbglpr,puhoxa,201
sbglpr,gjusye,90
sbglpr,fzjpwx,258
sbglpr,rnxjly,89
sbglpr,usyayb,490
hkuhwv,vfccto,372
nrwfef,spgxjo,481
ivbomc,iwsirp,179
ivbomc,aelhlr,363
pzsezg,kynyck,414
pzsezg,ayhjxo,354
ahysiz,garqck,61
ahysiz,spgxjo,416
ahysiz,mkbemd,382
bmdvmh,zbpoct,98
bmdvmh,pmoxum,380
bmdvmh,qbxupx,276
bmdvmh,ccjyal,28
bmdvmh,lswfjn,156
ikdnyg,jfhach,400
ikdnyg,cnuows,443
ikdnyg,jivcvo,302
zkcxih,nkaicv,175
yknomy,hynfcx,54
yknomy,ktkklq,409
yknomy,spgxjo,212
pkayjj,mqlbzk,104
pkayjj,ddbnxa,229
pkayjj,zoyokv,83
pczopc,lffmfd,66
pczopc,euzpzi,421
kbqtmg,qbxupx,247
kbqtmg,rovcpk,455
kbqtmg,tppaxp,213
kbqtmg,rnxjly,145
btizoj,udwlat,253
btizoj,yeosmv,394
btizoj,wegjdr,396
htmkla,apynns,363
htmkla,cgnrwu,493
bcsaab,zqarbr,315
bcsaab,cjzjvg,168
wageos,lwxxyf,387
wageos,xdrkhg,494
eipikh,ogxpws,267
eipikh,jngcmi,157
tdhyst,oxjgmg,272
tdhyst,xdrkhg,453
zhibky,irczlw,261
nlaktt,nxingn,28
xmkpyo,qtwnpb,210
xmkpyo,xxizij,98
jtmwtg,hajvxg,453
wrwmck,fqhtgw,208
wrwmck,pczopc,77
wrwmck,bcsaab,264
osybaz,ptfakc,498
osybaz,msozne,134
osybaz,ivbomc,434
wvcfez,jcjjrm,374
gmmzzp,gmuobz,165
gmmzzp,scsfii,173
rufavf,lwzbuv,267
pechxh,noxrwq,56
pechxh,bbwvqx,474
pechxh,kynyck,367
febgej,ucnloc,226
febgej,pncgpw,157
febgej,zuebuo,273
febgej,nlaktt,220
febgej,cnuows,23
febgej,vcsdbd,184
orsuem,lajwxj,419
orsuem,spgxjo,96
xevqkn,zsxlxu,41
mfkbmi,gtbgwa,166
qgcbpp,zjgpyv,200
qgcbpp,ncmfhs,139
qgcbpp,wjefbt,335
qbxupx,azdest,197
qbxupx,jmvons,292
cnuows,icykzc,71
cnuows,wfnctx,42
uryfwc,rrfrqp,171
uocuqs,oajykk,245
uocuqs,pcpxlm,116
meqofr,ucnloc,64
meqofr,onousk,165
pubmqw,uqrcdm,415
pubmqw,aotfcc,169
vfpfhk,jssolw,275
vfpfhk,zlajwr,95
vfpfhk,zkcxih,427
vfpfhk,sntmos,64
buumdq,rdzhwp,80
buumdq,zbgprj,28
wtxjra,bkgmux,255
wtxjra,nezvpg,170
wtxjra,zgmtxu,492
sntmos,dpzluw,4
sntmos,yasnsq,215
sntmos,ydzwca,181
sntmos,ncvxih,347
ikzuew,lplaxf,177
ikzuew,xphokx,320
ikzuew,sxcxcd,230
ilvezc,dtkdtm,461
duzcse,hrwwqy,14
ioeoca,nnwhsz,447
ioeoca,uhawph,133
ioeoca,wegjdr,262
ioeoca,ikdnyg,279
xphwob,udwlat,222
xphwob,uhawph,235
vdtopl,ktgelb,478
vdtopl,spgzfv,189
hltxaq,xedwsi,180
qgmswy,cyikqj,394
txtkhh,vxyugi,419
txtkhh,ibwnbu,158
kyymoc,bbwvqx,378
kyymoc,sklrbb,82
kyymoc,mcdsfc,319
ktaohc,dgarxk,295
ktaohc,dbhkiv,379
hqroue,cjklyk,119
hqroue,bcoxax,366
lbjdbc,fbslfu,269
lbjdbc,iqgmbg,270
xvzpso,sboeeh,454
xvzpso,fbdywv,17
oauufe,uvcgxm,309
oauufe,nplqzi,40
oauufe,xtnvst,115
oauufe,eyyfva,59
mgsogj,ettype,298
gzmpip,yrrusb,157
gzmpip,duzcse,406
gzmpip,ttnjxx,330
nenepz,jtmwtg,79
nenepz,urkrbx,388
nenepz,iqgmbg,108
nenepz,fzkfep,253
jytdon,wvcfez,48
elurbx,vbdfqq,338
elurbx,kgybui,229
elurbx,hajvxg,78
fcevit,sjdecz,162
ncldwm,asjjcr,73
ncldwm,djluhw,453
boodmv,dhntzw,363
boodmv,ibthef,113
qsrozs,sqnvor,384
qsrozs,xbtpjt,233
ofrutw,qgyjbl,467
ofrutw,tlzorv,23
ofrutw,nuscjp,23
ofrutw,nkaicv,472
vnmozx,vsoplp,485
mkujxu,wcvhxt,429
wkrzto,nuscjp,341
wkrzto,gzpkue,276
wkrzto,vcuzqw,368
panyzs,eiotaw,68
ttnjxx,lffmfd,178
ttnjxx,draadt,494
czdbhy,bdcyps,25
pcpxlm,hqphlt,346
pcpxlm,sjdecz,360
pcpxlm,ncldwm,240
pcpxlm,qocrbk,277
pcpxlm,etujzu,100
yomuel,fnyfwy,415
yomuel,mrjrkv,183
mcmyxz,pwvcpa,281
zvxqdv,eevaqa,284
zvxqdv,bcsaab,266
stcfwu,fygtlk,310
stcfwu,iqppjd,352
stcfwu,fssscz,217
stcfwu,qesqau,330
zmfbpg,hpkesz,498
bxeyzu,dbhkiv,89
hxftcc,hqphlt,477
hxftcc,psjqhg,276
hxftcc,bcoxax,222
riqfyv,owbezm,347
riqfyv,gyxzpi,500
riqfyv,wleesr,191
riqfyv,iphlcj,111
cgnrwu,vtqzzs,14
cgnrwu,fywxfc,103
mqlbzk,savaqc,112
mwurnn,lpzvog,138
mwurnn,ugppol,429
mwurnn,apiwwl,442
mwurnn,fjilwz,182
onmwjx,qvqbcv,136
onmwjx,ufrbgf,220
cgduhq,kznihf,39
ncylsa,sdrzsd,230
ncylsa,vsoplp,23
aepycu,cyydwl,99
aepycu,ijmvwi,437
weuxhh,uhawph,354
weuxhh,wleesr,307
weuxhh,gervhv,432
weuxhh,kbqtmg,162
obatwj,zgpcdb,91
ufdmjp,rvpzhd,160
ufdmjp,vjzdaz,260
ufdmjp,tamuic,62
ufdmjp,efhpcp,313
wrxxhs,wfnctx,334
jtkcgy,guxtbp,297
jtkcgy,mlahvo,97
pnifky,qoxeqz,312
jwdhte,akocfw,96
jwdhte,thndov,113
jwdhte,yihljo,397
jwdhte,ousahb,111
jwdhte,tlsvph,390
jwdhte,xbtpjt,365
mcmfrm,crdfal,159
mcmfrm,spgxjo,436
mcmfrm,pdhrmp,212
mcmfrm,nbwrxq,179
bownaf,gzmpip,491
bownaf,jnubls,347
seephq,fsmjzk,8
seephq,ovwxto,482
mcdsfc,lniwzp,317
mcdsfc,llswqw,262
mcdsfc,egauce,272
pcldqg,njiijd,280
pcldqg,vdzfcj,159
gpjtvk,sqnvor,187
gpjtvk,wgxqxt,189
gpjtvk,mlppyq,78
gpjtvk,aunqtb,174
gpjtvk,igbmqy,20
mflogw,cczzmw,272
mflogw,yknomy,125
hfgohp,ugppol,127
hfgohp,clphce,193
aezhky,sbhdcu,112
aezhky,rovcpk,384
dgarxk,xzdczi,301
jkfgst,dakigs,477
jkfgst,ryzqxw,424
syuuor,dretgg,392
syuuor,mycwra,461
syuuor,xtdcap,459
syuuor,dakigs,68
syuuor,lswfjn,88
pnhuyr,naxjgv,29
pnhuyr,qckiyf,174
ncmfhs,ukhjeb,87
kynyck,nnwhsz,198
kynyck,nmcaxs,181
kynyck,uocuqs,406
kynyck,mtodyh,168
lgwjwe,mtbotm,5
lgwjwe,ygxkbr,84
bizrtw,gwxsce,312
bizrtw,ncvxih,328
vftpsw,kqwjpq,398
vftpsw,ivbomc,327
jgyvwz,udpytk,254
jgyvwz,qesqau,156
vjzdaz,sboeeh,304
wjglrp,lfkmlv,315
wjglrp,xtdcap,217
wjglrp,bmdvmh,216
uepvwd,scwfuv,475
uepvwd,ydzwca,458
qfpuli,nrwfef,193
qfpuli,gzmpip,451
qfpuli,jtkcgy,86
qfpuli,fingbu,119
qfpuli,wvqtmh,66
qoxeqz,vzzqct,105
zanmbv,ktlrik,258
zanmbv,zhibky,239
ftaymk,rovcpk,200
fzjpwx,pnhuyr,49
fzjpwx,iatlwu,24
ozxmjg,azphmy,66
ozxmjg,rnweie,459
ozxmjg,firgpi,483
yrmpgl,rufavf,30
yrmpgl,jkfgst,297
yrmpgl,pnhuyr,357
yrmpgl,lwzbuv,303
ecwaiy,ktgelb,157
ecwaiy,vjchfi,461
fsmryf,ajsfmm,94
odvuma,kkswxw,427
odvuma,fbslfu,1
odvuma,bgrvdh,126
odvuma,evtvsu,54
odvuma,ibwnbu,97
mtodyh,zciaou,187
mtodyh,jyeowo,345
ibrcip,icpwip,437
ibrcip,tgsjxs,132
ibrcip,ptfakc,425
ibrcip,myfnrm,251
msqbtz,nrwfef,323
eogelg,ufgnga,199
eogelg,ktaohc,223
eogelg,fyurnw,63
tezhdk,rhuepo,430
bkfkhz,obuxrw,377
vgdlmg,mrgnzj,305
vgdlmg,nwhukp,399
vgdlmg,tiwplk,53
vmmtdc,xedwsi,67
lywfaq,mycwra,335
lywfaq,vhmcul,472
lywfaq,apqrrr,9
joabtz,fqevxb,350
joabtz,sqnvor,81
joabtz,vzzqct,318
joabtz,jrlwxt,395
joabtz,ncldwm,104
tglydw,nmhyja,100
tglydw,zgmtxu,188
nwhukp,drizki,39
nwhukp,jnubls,26
xtognm,vtqzzs,180
xtognm,adysvn,311
xtognm,httqim,149
xtognm,adlyzy,213
sllehy,jieoie,346
sllehy,xdrkhg,167
sllehy,clphce,285
ovwxto,gzgcjn,401
ovwxto,tppaxp,200
ovwxto,avpkrh,238
xnkvwd,mycwra,86
xnkvwd,tfukvd,43
xnkvwd,aqoira,194
xnkvwd,ixnpti,496
xnkvwd,dvhweg,195
xnkvwd,clphce,124
alngej,ixlmfq,421
alngej,qhahyr,377
ezcixy,yjxynh,345
ebgmrl,fauscg,500
ebgmrl,rgwlpo,96
ebgmrl,ncvxih,241
ozkgqv,firgpi,364
jnubls,rguort,224
jnubls,bgkiyt,86
bcoxax,idlhum,142
bcoxax,lniwzp,264
bcoxax,fbdywv,319
lwotcy,lcpcss,331
lwotcy,txtkhh,317
lwotcy,ncylsa,329
qesqau,wfnctx,36
xbfwnc,ujoewl,35
xbfwnc,efhpcp,58
rovcpk,jezddk,249
rovcpk,rhuepo,147
rovcpk,enuwzm,285
rovcpk,ywjlts,384
rovcpk,igbmqy,40
izuqqu,tyfilt,245
izuqqu,vviuus,92
izuqqu,ybbwhw,239
meggjh,weuxhh,455
ygxkbr,qaxlwf,144
ygxkbr,nobxmk,256
ygxkbr,ugalwh,264
zxdjoz,gwbgjp,296
kvfeea,nenepz,25
kvfeea,kscegl,192
kvfeea,hbfiod,341
xttzjs,fixoix,89
xttzjs,vftpsw,223
mtmozv,fcecem,174
vxzbuc,hxtfqb,314
zaiqdq,pyzxkv,138
zaiqdq,flisjk,410
zaiqdq,vftpsw,155
fcecem,asxdhj,399
gwxsce,jngcmi,412
gwxsce,sbxrlw,262
gwxsce,sotbcq,306
gwxsce,jnczpg,475
psfcfp,cydtlc,368
wtylrd,pxpqad,470
wtylrd,bmwbrc,424
wtylrd,dxonfc,279
jmcgpo,uocuqs,483
jmcgpo,qthlnv,275
xgkfku,fdbesu,253
xgkfku,coahbr,2
xgkfku,fnyfwy,31
xgkfku,vhmcul,87
xgkfku,xxbopv,458
xgkfku,mkbemd,340
xgkfku,pdhrmp,429
dukpwi,hjnvaz,324
dukpwi,jdcnpt,92
dukpwi,zhibky,15
dukpwi,bownaf,232
dukpwi,ocjfov,487
zobvup,brgjzq,410
zobvup,zmbtsl,109
zobvup,niuplx,109
zobvup,fnoxrt,373
mkbemd,uigfbg,157
mdbcye,kznihf,477
mdbcye,kscegl,349
mdbcye,lrraws,200
bwcavs,kptszq,379
bwcavs,lplaxf,194
iowgwf,wegjdr,19
iowgwf,dgarxk,139
lsbmxo,mrgnzj,416
aqoira,lkbzip,145
aqoira,bcoxax,152
hoiiqb,yuivro,421
htfoft,kieiws,144
byuqqv,pulciw,36
byuqqv,fmaevp,489
rfjxie,uvcgxm,405
fehvmj,sntmos,327
fehvmj,lsbmxo,423
tzrcew,yannul,413
tzrcew,mdbcye,422
ywjlts,ynsold,202
rkdxwj,dbhkiv,314
tkwbsl,jlbeyr,204
tkwbsl,aepycu,103
vhueyj,pyzxkv,19
efztjv,coahbr,207
efztjv,gtbgwa,40
hkcffh,hynfcx,309
hkcffh,sdbgmq,260
hkcffh,wrxxhs,18
edlhrx,fubbfk,34
edlhrx,rhuiti,494
edlhrx,hqroue,159
ajwose,oxjgmg,478
ajwose,todnvv,391
zbgprj,hltxaq,79
qocrbk,rnweie,258
qocrbk,zlsvdx,396
etujzu,rdzhwp,160
kgpuds,dfdpcz,339
nbwrxq,mgsogj,284
hwwxew,zujevr,408
hwwxew,pkayjj,169
hluurs,uigfbg,121
hluurs,uepvwd,199
cjzjvg,wourcm,117
cjzjvg,gypxpo,495
cjzjvg,zmfbpg,387
cjzjvg,hkcffh,416
vcuzqw,ktaohc,291
iierxs,ivymbs,41
iierxs,vhmcul,62
myfnrm,mcmfrm,232
myfnrm,tamuic,496
myfnrm,rifqlj,278
olzcuc,xjljpc,218
epngai,bxuggb,417
epngai,ecwaiy,94
tvloph,kqwjpq,492
rguort,jssolw,381
rguort,yihljo,30
sotbcq,xtognm,405
qmgxyh,ltdpqr,263
qmgxyh,jezddk,322
zopkeg,nenepz,284
zopkeg,vjzdaz,27
zopkeg,icgkwa,420
apylwd,ttuoqy,25
apylwd,ukhjeb,307
apylwd,htfoft,285
lgbelk,zjyqxn,29
lgbelk,kieiws,412
lgbelk,wjglrp,132
lgbelk,osttpr,225
rqpvhr,hfrtxr,269
rqpvhr,zbexgw,105
rqpvhr,efuvbh,198
pecaen,uqrcdm,393
pecaen,smtvqn,69
pecaen,hpkesz,458
pecaen,zxdjoz,191
kmgnaq,ufrbgf,497
kmgnaq,hvdnod,167
ftjfee,ynsold,10
ftjfee,zobpoj,70
niuplx,vfpfhk,478
rjvfzs,fqlvbc,192
rjvfzs,zxdjoz,352
ydnakc,naxjgv,475
todnvv,afauzs,172
todnvv,fyurnw,330
eusmje,xtjhgr,205
eusmje,tqzbim,496
eusmje,pwvcpa,304
eusmje,lwxxyf,321
eusmje,lywfaq,281
fingbu,lkbzip,329
fingbu,smiaib,22
fingbu,liilcr,14
fingbu,zruyvp,270
ctbbzz,gzmpip,310
ihfmmu,yomuel,433
iuqmbl,nvseji,211
iuqmbl,fzjpwx,178
iuqmbl,ujgjcr,422
nzcmhh,mbbszf,408
nzcmhh,xgkfku,219
nzcmhh,vhhqal,346
tppaxp,znsleq,390
tppaxp,joabtz,301
igbmqy,bnhign,500
igbmqy,xphokx,68
wunnfe,btyphm,205
tmsuqt,bnhign,459
tmsuqt,udhhql,217
tmsuqt,qgmswy,403
tmsuqt,vvdrtr,55
rnxjly,cgnrwu,219
rnxjly,xgkfku,293
pfbpen,yknomy,136
pfbpen,wzkbfo,298
ixnpti,lplaxf,91
ixnpti,jevdpd,99
ixnpti,grhpkx,158
ixnpti,ajwose,210
nmhyja,yodjso,248
kpsmae,ycigue,12
kpsmae,zarszy,51
kpsmae,duzcse,60
kpsmae,fvxxve,17
vjftbf,psjqhg,78
vjftbf,lniwzp,70
vjftbf,josyen,314
vjftbf,iuqmbl,75
eolzcb,lywfaq,25
eolzcb,tvloph,383
jivcvo,savaqc,371
afauzs,gbsetj,469
afauzs,nqkhey,159
nkaicv,xvscnj,59
dbhkiv,yfsuqy,227
dbhkiv,cydtlc,458
ckwsjm,fbslfu,478
ckwsjm,xhvybb,94
ckwsjm,jytdon,424
ckwsjm,csfvvx,438
ayhjxo,vjftbf,209
obysaq,fqevxb,338
obysaq,dwvbxw,143
obysaq,huawqt,42
obysaq,obryoy,229
aexjwo,mfkbmi,442
ugpwec,nsxzio,141
ugpwec,zciaou,269
ugpwec,bxeyzu,415
vfccto,jieoie,114
vfccto,enuwzm,440
abzrkt,owbezm,309
abzrkt,amzdig,88
abzrkt,wceakx,471
abzrkt,ofjegb,413
xzdczi,xjprvk,300
xzdczi,niuplx,19
lugcfv,xldior,239
lugcfv,mfkbmi,414
lugcfv,vkvacq,127
efhpcp,sszmsz,444
efhpcp,efztjv,253
duuvcj,fdiebj,42
duuvcj,firgpi,109
bhjplc,pubmqw,49
ydzwca,wnkdar,353
crddek,xedwsi,347
crddek,pkayjj,207
dakigs,smfrhm,418
dakigs,xzdczi,261
bqadir,layucf,405
bqadir,spgzfv,458
bqadir,mwurnn,456
auvwob,vdtopl,380
auvwob,nzcmhh,87
zgmtxu,dfjwyo,446
iatlwu,hrwwqy,423
iatlwu,drchdb,369
adgcbj,mgsogj,286
adgcbj,olzcuc,44
xtnvst,woobjz,39
xtnvst,wtxjra,262
xtnvst,niuplx,491
xtnvst,basjfe,395
javnhj,rjxwlm,241
ornctc,xyxgnw,68
ornctc,amzdig,494
rkmmju,vnmozx,484
gnfgur,iedqyq,194
gnfgur,adlyzy,365
gnfgur,vjftbf,254
dfyhxr,ltmhno,417
dfyhxr,dakigs,431
dfyhxr,dxonfc,94
eqohwl,ggckcw,441
vcsdbd,noxrwq,398
zrevsa,lajwxj,360
zrevsa,bjkyby,319
zrevsa,bmdvmh,450
zrevsa,dfyhxr,127
pfmjzn,kptszq,228
ecidks,ajsrjo,352
ecidks,efztjv,48
urkrbx,jisyek,303
dxonfc,smoaoh,57
dxonfc,egauce,418
vvdrtr,wgxqxt,393
vvdrtr,ayhjxo,484
iolslj,zsibcd,187
iolslj,ryzqxw,39
omnliy,cnuows,274
omnliy,uryfwc,219
xdrkhg,ztarxu,201
xdrkhg,jtmwtg,337
xdrkhg,jivcvo,196
msyjka,haliar,238
msyjka,zaiqdq,126
msyjka,qkgjfm,128
hbgjso,ggckcw,248
hbgjso,enkclt,136
wzkbfo,jmvons,202
wzkbfo,ckwsjm,28
wzkbfo,iyblzr,414
mpxsyk,kgybui,426
mpxsyk,nsvvnr,324
mpxsyk,cnuows,438
wjefbt,drchdb,263
wjefbt,ocjfov,147
outdmc,xqhtzs,101
outdmc,xtognm,246
outdmc,jivcvo,229
basjfe,zgnbxz,43
basjfe,aelhlr,274
basjfe,osttpr,13
dfdpcz,wrwmck,176
dfdpcz,elurbx,23
scsfii,outdmc,148
aelhlr,ujgjcr,319
eebeon,fvbeiw,15
eebeon,gvwacu,258
eebeon,twmjsv,468
ftmbkq,jkfgst,445
lswfjn,xrnnwy,148
lswfjn,hqroue,53
ardsmj,smfrhm,500
ardsmj,cydtlc,403
ardsmj,yknomy,286
ardsmj,qsrozs,122
ardsmj,ccjyal,83
sxcxcd,zujevr,153
sxcxcd,sbbjgp,5
yinfwf,loddxe,183
yinfwf,gsulen,338
yinfwf,uoqqze,496
usyayb,qgyjbl,34
usyayb,xfhbov,490
icgkwa,eipikh,242
ccnywf,msqbtz,424
ccnywf,lsbmxo,248
ccnywf,vfccto,124
zgpcdb,zarszy,223
zgpcdb,tyfilt,359
zgpcdb,irczlw,485
masyxj,yqrykj,218
masyxj,zwubdg,46
masyxj,zpmqxm,128
dvhweg,fssscz,353
dvhweg,gmmzzp,42
zaeowe,hdbuot,359
zaeowe,eebeon,190
jxhsth,zopkeg,184
sjzxvw,dakigs,329
qthlnv,ueehbh,455
qthlnv,xyxgnw,297
qthlnv,hpkesz,150
ubjqnc,vfccto,183
chfnoj,myfnrm,469
pwacpc,tlzorv,435
hnscgd,vftpsw,283
hnscgd,iqgmbg,385
qkgjfm,oxjgmg,67
qkgjfm,btizoj,201
qkgjfm,alngej,123
afzzeg,zrexrg,399
afzzeg,tppaxp,120
zzphko,icykzc,234
zzphko,mycwra,228
zzphko,tqzbim,110
zzphko,nwvdfr,207
ndxnah,czcypz,346
ndxnah,gypxpo,183
ndxnah,pwacpc,482
wcvhxt,gwbgjp,125
fzgmth,kptszq,381
tehqth,xahyan,283
zpmqxm,bcqocs,410
zpmqxm,xgkfku,257
zpmqxm,nxingn,385
zhudmx,xahyan,396
zhudmx,kscegl,273
zhudmx,odvuma,22
avbpvo,zgmtxu,151
rjxwlm,djluhw,468
rjxwlm,zrexrg,107
rjxwlm,afzzeg,432
grpawu,gzpkue,160
grpawu,htfoft,82
grpawu,byuqqv,484
grpawu,tmjfgv,449
orgfis,xjljpc,69
orgfis,enuwzm,242
orgfis,ozxmjg,332
xvscnj,gnhzli,318
xvscnj,uogbsh,361
xvscnj,euzpzi,226
xvscnj,zpfoul,455
uoqqze,qaxlwf,64
uoqqze,nxingn,129
rifqlj,tdhyst,262
rifqlj,ebgmrl,140
nxingn,thkbdx,64
nxingn,uwirxr,222
apiwwl,fsmjzk,167
apiwwl,rrfrqp,249
qiqrll,zqarbr,286
qiqrll,bcoxax,7
qiqrll,hvdnod,223
udgzjp,praafq,408
qhahyr,gzgcjn,310
qhahyr,yixjhi,450
qhahyr,mqlbzk,360
jnisuo,hwkhlr,93
jnisuo,rvpzhd,204
jnisuo,dfdpcz,114
sauuqh,hkwmyc,412
sauuqh,sbglpr,257
gpnfiz,tglydw,65
gpnfiz,hbfiod,232
lwzbuv,wleesr,434
lwzbuv,xzdczi,421
vynnhd,yfsuqy,88
vynnhd,jevdpd,440
vynnhd,qgmswy,401
vynnhd,wkrzto,392
vynnhd,kscegl,446
bgkiyt,fknitb,487
bdcyps,tmeigt,234
bdcyps,xucnnr,429
bdcyps,kyymoc,74
byboaz,tcdayg,337
byboaz,kvfeea,416
nagijw,uscptl,103
bgrvdh,cgduhq,451
drchdb,qgmswy,60
drchdb,mflogw,298
rzfyoq,njiijd,315
rzfyoq,cmtild,89
irczlw,mtbotm,218
irczlw,wleesr,183
csfvvx,siacoo,34
ncvxih,heakts,100
ybbwhw,wzmscj,358
ybbwhw,flisjk,48
ybbwhw,vzqhfo,462
ybbwhw,zoyokv,426
ddbnxa,awptvh,232
ddbnxa,hxftcc,12
vsoplp,seephq,287
vsoplp,pecaen,24
vsoplp,nkaicv,164
fjilwz,wzkbfo,439
evtvsu,qckiyf,183
infnqz,ehbncy,83
infnqz,vmmtdc,388
infnqz,qocrbk,188
xpeitg,ugpwec,253
xpeitg,vcsdbd,56
tiwplk,jlbeyr,262
tiwplk,lluklt,77
tiwplk,ulupmd,52
tiwplk,qckiyf,267
tiwplk,qiqrll,382
ibwnbu,hbfiod,34
sxxylo,fzpmvz,41
sxxylo,mhxfba,187
sxxylo,cgnrwu,40
sxxylo,obatwj,96
iqgmbg,sllehy,13
kxuzzl,fubbfk,410
kxuzzl,xqhtzs,446
kxuzzl,zsibcd,161
ckzdyi,uryfwc,28
ckzdyi,eyyfva,461
lbovfq,kgaotn,303
lbovfq,fbslfu,45
lbovfq,elurbx,235
podkrv,nmcaxs,379
wkxqew,psfcfp,452
jnczpg,sdbgmq,367
jnczpg,nuhnir,401
ugpxmj,pwmxau,123
ugpxmj,zfueee,124
ugpxmj,meakgn,393
ugpxmj,osttpr,372
zsibcd,lgwjwe,355
zsibcd,scwfuv,334
zsibcd,msyjka,421
fyurnw,hqphlt,218
fyurnw,gqwfpr,410
fyurnw,euzzrx,454
fyurnw,nplqzi,78
fnoxrt,mpxsyk,253
fnoxrt,wjefbt,47
fnoxrt,icgkwa,482
fnoxrt,zlsvdx,254
ekndmv,qgwjbg,488
ekndmv,vjzdaz,393
rqmhkl,uepvwd,44
rqmhkl,hnscgd,72
fudaip,ncmfhs,490
lbhjnz,fqlvbc,207
avpkrh,bgnglg,417
avpkrh,ulnjgo,95
avpkrh,xyxgnw,182
avpkrh,xevqkn,443
avpkrh,boodmv,410
ahtfld,gzmpip,166
zlsvdx,ousahb,129
zlsvdx,pfgvgl,9
bksxsf,pmrszg,18
bksxsf,nuhnir,434
bksxsf,jwdhte,497
onousk,garqck,258
onousk,mlppyq,446
onousk,vqzeiq,157
ogqakr,ovshhf,325
dorqjn,sboeeh,460
dorqjn,jlbeyr,59
dorqjn,xvscnj,204
eyyfva,wceakx,363
lkuzkl,nmcaxs,375
lkuzkl,pjsygt,6
lkuzkl,zobvup,343
lkuzkl,byboaz,202
ryzqxw,kifahj,32
ujgjcr,bzvwpr,77
ujgjcr,mflogw,33
ujgjcr,ywjlts,153
ujgjcr,xtnvst,107
ujgjcr,fjilwz,406
ocjfov,mycwra,197
ocjfov,xnkvwd,172
zruyvp,nnwhsz,263
quktmh,hhiwis,460
quktmh,kbqtmg,417
quktmh,jytdon,429
fzkfep,sklrbb,290
fzkfep,nktojr,467
fzkfep,kxuzzl,99
yjxynh,zbpoct,435
yjxynh,ovwxto,431
yjxynh,ccnywf,443
hqbgfp,ujoewl,255
hqbgfp,pkayjj,346
hqbgfp,xbfwnc,338
hqbgfp,zruyvp,226
lrraws,flisjk,462
lrraws,dgarxk,98
clphce,pjsygt,10
zoyokv,efhpcp,56
zjoqfa,zuebuo,96
zjoqfa,fcecem,35
zjoqfa,ugalwh,400
hvdnod,zobvup,481
ysofxs,auvwob,27
vhhqal,dretgg,302
xbtpjt,vtqzzs,416
pzqtol,gnhzli,449
pzqtol,awivcj,452
pzqtol,sdreem,185
pzqtol,rufavf,187
pzqtol,ckzdyi,444
cyikqj,yomsax,352
cyikqj,gmmzzp,391
cyikqj,vynnhd,369
shznjw,lplaxf,136
shznjw,jjmoxt,152
xajejx,euodia,203
xajejx,lbhjnz,179
osttpr,hrwwqy,47
osttpr,ixhjzv,110
apqrrr,pbtdui,241
apqrrr,osybaz,340
apqrrr,ecwaiy,92
apqrrr,bgrvdh,148
fvxxve,asjjcr,226
fvxxve,wgxqxt,134
