nnwhsz,nkfwjg,40
apynns,owuixo,26
heakts,ywqadj,30
ynsold,mebsdw,1
iyohnc,lkfutn,15
azphmy,nffywb,3
zyjjjv,wdtzuf,27
zjyqxn,qchvnw,44
ujoewl,ajhywa,23
fpnnot,vlsbrc,16
asjjcr,lilkph,43
dretgg,vqoofk,5
eoxvmx,iaaahz,39
gbkfzl,yipijd,29
rhriia,jsjeed,2
yqrykj,yqrmce,24
bjmpsr,gbjvde,31
fqlvbc,mvfhnz,22
jssolw,otcich,26
txagba,recayg,2
ucnloc,nzison,49
ylqkcq,lmymbk,21
tpkvvl,sndaoo,47
ogxpws,aoewne,50
fqevxb,cdvdob,16
azdest,fwrfku,6
zgnbxz,xchzzk,47
kkswxw,kjccdc,17
fcnlkp,xdpvrc,37
kptszq,xlzrkz,26
zrucph,tdxjnk,39
vtqzzs,dwjyxe,43
njiijd,vucftt,35
wlubjp,wfyghk,8
rmrhsf,rsmljj,46
oqroqk,whmpvw,13
dguqfk,levwjl,33
qxtgxw,tafgll,5
qgyjbl,cclabz,33
icykzc,tfifup,0
uiwxlr,cxmjjd,0
tqxehs,epovby,21
owbezm,qslztq,32
oajykk,qmiomt,0
tsvjgm,tcnrwq,11
jojeaq,vvazns,15
bkgmux,vyaefz,39
pxmttm,rktyfy,5
uumswm,rtskrl,42
qtwnpb,pcquqs,2
qywzoi,wqrihp,23
tajpie,gdwawz,34
sboeeh,rktpdn,8
fdbesu,czagwr,49
bkxrmy,jvcieh,12
zujevr,xxxwjj,34
fubbfk,jxwfqc,15
cmtild,sknnno,18
ltdpqr,oprxlr,26
fixoix,fhxkhw,49
xsntns,atxjcg,17
gzgcjn,rgqeuy,45
ecjpwq,uavbxi,39
qnxged,dksnnp,29
uqrcdm,tyjtbi,46
jqiyem,rxantu,6
dqzxjf,ogcgdq,9
qgqhlr,txyegg,37
dtkdtm,wswufx,34
ygcsjj,mhndzv,3
nvseji,buotsl,29
ymupor,dhhnhz,45
eprmgp,xdfbrx,44
pbtdui,vmtdwq,2
ctdmdk,yoqnwu,46
rkcabz,tmkshb,33
fzpmvz,khdvjz,36
vbdfqq,ztznhd,36
ycigue,ywkcpx,0
yzqcyw,tnkmeu,44
kgybui,tgxhyn,10
fknitb,tnogwt,46
loddxe,iitotf,49
fvbeiw,aktwwx,49
adysvn,ouvxym,41
nmcaxs,flwjhs,33
jezddk,gvcckf,14
rjflxg,gkyqkq,41
dvavac,dtqgux,42
fygtlk,snetnh,3
wmqpas,olfymi,16
frgcsq,qawrnf,11
qvqbcv,knbljg,14
gnhzli,mwlwjo,18
efvchh,omktsu,16
jfhach,aibumq,37
tehmmk,hpwosa,0
bxuggb,kjdjvm,46
pxpqad,ueqcwp,21
iqppjd,xlshbs,31
rikqof,ncvxbz,3
woobjz,metepp,50
zogshe,xfrsjo,35
pqaueh,axshcg,7
ueehbh,fjfduo,30
smfrhm,iaprqx,29
hynfcx,yzsula,48
gsulen,ixjxaa,16
brgjzq,bsopxn,27
ajsrjo,bdmnpa,17
xahyan,qqsthh,41
lacjgz,qwrqfn,43
yannul,zkznan,31
icpwip,vbaoiu,15
nqvhpw,gucgkt,44
lfkmlv,udbdie,2
sdbgmq,vohyhg,50
savaqc,fosjgm,19
trnogd,yfzpov,10
tgsjxs,kbnwux,20
wzmscj,xwgloo,31
mycwra,ghugnw,45
nilaro,oaioes,2
ttuoqy,aznduk,8
akocfw,bbqqgx,38
ktgelb,dfquco,7
hqphlt,surviv,11
vaonlb,tskccd,18
bgnglg,wxzwnj,8
nezvpg,tzskpc,50
zbpoct,ijmnqr,32
eiqygg,obigmx,16
oqxzmi,qrsxup,15
mbbszf,tcvgsx,6
ehbncy,iumchv,46
pwmxau,zyvgpo,32
hfrtxr,pcrshb,29
eiotaw,rfzqhh,24
jngcmi,tjbilw,14
ojlpuo,ygtalv,0
idlhum,suppkp,15
jlwwfz,sfnhge,34
layucf,fomaqk,41
fytilu,vrbhsl,0
tskony,rzjwcb,23
ivymbs,rmygex,29
tlzorv,wjaflk,5
fjwrzw,mlvehr,31
psjqhg,cvbrdv,1
hwvpcm,htrpjy,23
sqnvor,scnghb,25
ukhjeb,nyfthl,9
mjbvvn,pwudvu,13
sttgfh,pvsilt,5
dhntzw,lrwzzo,35
ajsfmm,qplxmv,47
kgaotn,ariqii,14
zfueee,skdqoj,4
zdyhhj,flhhko,31
tcdayg,fgtfhb,38
yseuzf,hscniq,16
fsgszh,tzxycr,21
rdzhwp,ffvpvx,15
jikzaw,ewhiqa,37
lcpcss,gryngv,13
lniwzp,ylwsva,29
fbdywv,qryvpy,4
bnhign,kaghyv,49
mhxfba,tpzozp,19
ulnjgo,dhhuqp,6
xtjhgr,kzzdjn,3
pjsygt,qkkstp,8
zarszy,rytkqv,32
wqgzej,ancrwr,24
thndov,lwsttg,41
jvtane,luyala,36
vepxah,pwrvzs,13
hajvxg,mvszda,30
envtmz,aqowty,34
mrgnzj,qgcpdz,5
yrrusb,djwtzd,41
ufrbgf,qkjddu,44
yihljo,otbghb,20
httqim,fgljjo,21
qllaqj,pimfku,18
czcypz,kkmold,47
nuscjp,wxgvud,45
cyydwl,fbiszd,43
byxbdg,dmsilr,32
coahbr,zlvayl,14
josyen,vkipel,48
uogbsh,apqqjd,47
gjoaoq,yxoxtd,22
zlajwr,lzrnrm,36
ptfakc,gqvqmb,39
uigfbg,hzuuft,20
vellpq,bmuvhn,42
bvhtql,crlrot,34
vmeqtr,gqjexy,7
lvxvdu,cngmel,39
jlbeyr,tzbrjh,7
guxtbp,bmmlik,28
kububi,tuoopf,43
tqzbim,xudtzf,39
yuwlrx,abfgnb,7
qndmnf,boqjue,23
uvcgxm,aanmog,41
gqwfpr,rthpfw,34
inlqtu,pyanzv,22
qigkqa,gurvbc,50
gzpkue,bkvvck,48
qmtjxp,nzkaap,30
hjnvaz,sisoua,16
fnyfwy,xdwift,49
igoxta,eahimq,19
yyhsdn,hbdqry,5
nwvdfr,eevdst,17
nsxzio,sbplun,31
hdbuot,qnlmdi,9
uscptl,anoucs,28
nsxxou,sshppu,27
spgzfv,nrxmvo,45
bzvwpr,ojbabb,29
dwvbxw,nljbbw,32
qaxlwf,osiegu,39
ktkklq,olplnb,24
yixjhi,dldvic,43
tyfilt,qzzebw,16
wabfyn,fsdtzy,28
xtdcap,qnznyi,15
xedwsi,kniyxw,7
gbonwp,ejngev,3
huawqt,raipqc,46
aodffa,glhefu,37
wszjoj,ukozag,38
lluklt,xcuamq,35
pexvyr,rkwvwe,40
lffmfd,pwsptv,41
lplaxf,oxqfuf,38
xrnnwy,lsohpm,35
msozne,yxbdpl,34
xjljpc,xjjdpk,2
sryhds,eisgpc,50
oxjgmg,dqerwm,15
dfjwyo,wkazdl,42
jdcnpt,hdbepa,45
efazbn,joobui,49
ltmhno,uenerk,42
kqwjpq,igqpek,31
udwlat,yrpvyy,46
gmmera,bdbqtr,47
jwngph,ardtiw,18
tmeigt,gsiudx,15
yodjso,nvemjz,41
xfoivk,xkhtse,49
zmvsum,yxvcqs,32
dpzluw,hbwngu,34
btyyea,etuvwq,12
gbsetj,pqqhgi,21
wfnctx,amfnak,34
lajwxj,rwonte,42
ajtjvs,tenhqj,46
llswqw,decsub,2
sjihiw,xdbbcs,32
fywxfc,olfzon,15
uavtzx,jwcvno,21
vunxtp,mrpwpp,33
yutoys,iguzre,49
awivcj,wjkewz,37
mtbotm,buheyk,9
eurjkm,zxjpqx,47
tpnucx,ijaepi,28
gqqthf,khiziy,17
znsleq,pdkhsk,50
eecjoc,mrhoks,47
ykryyo,vtmabq,47
wourcm,fjhkpm,10
rnweie,ntteyf,32
xyxgnw,ndwjdx,49
eiptve,fkichk,47
smtvqn,mysxna,17
ftlprc,fktxkg,23
qguoxl,lvniit,8
orcxhk,oxizpd,32
smoaoh,vmvnjp,4
rlrtas,hcyvdq,47
qcllgi,uyvfrv,18
puhoxa,ylffxg,13
vviuus,dtygqv,12
ubbngu,ynviax,4
ihiqsi,zxodkn,44
aotfcc,oqdeez,22
yasnsq,zepqog,23
hrwwqy,gesohr,41
vhmcul,appbve,14
xxizij,yjjmru,11
fauscg,xhqezb,15
axdqdn,fgoffx,11
mrjrkv,gweqdb,16
mwlkpw,cykhbk,5
dgtdwp,bxskgr,34
xxbopv,ptruqf,12
ufgnga,mzosmp,43
atfrvn,lbdtrb,12
noxrwq,arjzcq,38
gmwzfq,zzutnx,9
zwubdg,wzjaxx,1
sdreem,jeiluv,14
kznihf,tnpojp,19
pqrjyi,zgzmfp,46
gtbgwa,suvwjq,27
gvwacu,wrlozb,26
lfiicq,njszmh,48
qgwjbg,rhdeas,20
gwbgjp,dhkgvf,26
wgxqxt,ksnrwg,10
dskmzb,rivawc,28
hpcbel,ukxiwq,2
rhuepo,oepvzl,41
cewruh,mrozpl,12
snglqs,bjmmcf,46
szpghu,mnumej,15
voqqod,niotzw,3
rfmpil,iyxprk,17
ukpvig,gynkns,13
xmuixg,iwuhbw,8
haitia,pgpkxk,2
dpzrrp,pedets,39
gjusye,ioaywp,5
amzdig,gaefbu,31
wceakx,lbfent,27
rgwlpo,kylqia,40
vdzfcj,jkqfhe,18
fdiebj,pgrjth,5
zbhrxp,zlwwun,29
xyvsgo,deoeom,44
qsjuvl,sllgaz,20
jbmqrg,umciqo,29
hpkesz,igeswr,50
euodia,jmllta,24
pjaszl,lkwaff,42
jipfav,xaxkmg,13
udhhql,fbrmwt,10
fsmjzk,oszqdi,0
yfsuqy,eglkpv,0
bbwvqx,imqayb,31
gyxzpi,qhfaeq,34
tfukvd,wbdaoq,14
swzyxv,lseuwx,6
ilacux,ksfoqf,28
pwvcpa,jwduhr,32
sklrbb,psjfjy,5
cjklyk,kqzhjz,5
bctqfk,nouhqo,8
firgpi,exenjp,21
rhuiti,rbkbft,28
iedqyq,fhwcyr,36
lwvdoc,xdfrvi,49
crdfal,wtsvvj,0
pyzxkv,zbjxcr,23
garqck,bcpwqa,30
hkwmyc,fpbjsc,45
cczzmw,jbpksx,46
lpzvog,ezoijl,4
sqbacy,pwqcxy,20
hxtfqb,vedngt,2
yuivro,tindra,9
jevdpd,nrdbmw,30
thkbdx,ysxpbn,3
drizki,ttlyqp,33
pmrszg,uotmji,22
pmoxum,gwjjww,37
uhawph,mvzhaj,48
kvdggk,djwzzf,3
ussmeh,nilonn,34
pqsflu,caqfis,18
pulciw,jgdxxy,43
bgqlqb,gvtptl,8
aedicf,cokxyg,25
dnnvto,fxxqev,6
bcqocs,xnsrht,25
aeqbnp,opbosv,19
cjwskq,lsmfmm,18
iaomhg,qsagfq,36
jmvons,kdfdja,30
hhcxnt,fyteef,5
kecqdj,bsuiqg,22
yeosmv,qfyals,26
nuhnir,wemumd,39
sytwqc,sozeht,20
ettype,hcaamp,15
mlppyq,cjdazp,23
vzzqct,zwcwyn,43
bmwbrc,xolold,39
tdoabv,nygpio,16
lcdinu,kxfkkb,32
ofjegb,inulje,38
sbbjgp,okesye,25
hhiwis,mojzte,26
vuvzfy,mdzitp,20
buzpdr,uxvvce,27
pncgpw,ekvznq,16
xhjiqu,ccxjhu,20
iwsirp,qqhvei,44
haliar,fvtjqt,10
uwirxr,lpwvfu,7
xldior,vkfpcp,33
adoefq,nxuyej,27
jrlwxt,eflbmg,48
jcjjrm,kjdoix,11
flisjk,tjgqkx,11
zciaou,twdwmh,49
zstnsg,grjsvw,26
gqvwtt,knzqnw,0
jjcidb,wrdvst,35
vjozea,xzqgjo,6
wleesr,cdrfxv,9
udpytk,rvarcl,41
mlahvo,uwyvmp,0
kifahj,svijjz,5
draadt,jwxkmx,2
aqxtzm,zvgkwe,16
nqkhey,ubptnf,7
wegjdr,ouwatm,2
lmzngi,naioji,22
jisyek,qspjjn,50
fbslfu,txrtym,17
euzzrx,tafglu,34
gervhv,sbsbed,3
fyszvy,meewuz,40
zbexgw,nsybze,23
xfhbov,xruqoh,50
igwtmf,sqhker,22
wnkdar,nqojis,35
fmaevp,hzfntu,20
hcczmg,vmtbnb,41
xslgda,gtsitz,26
xinkmx,jyrezw,8
zjgpyv,fljygr,35
goiulo,xjlrkx,40
rrfrqp,iziqxf,32
jyeowo,iskbpx,47
lqgrkp,wacvpy,8
yomsax,wfvnlm,45
zuebuo,cmszis,43
jieoie,lbucnm,10
zeqouo,uwboud,43
gmqxif,grdzxu,6
udpdip,spmcbd,44
egauce,fxkxzz,37
kxeeih,zdqulu,24
lkbzip,cvfjmu,9
djluhw,gxtwrd,18
xcrakk,hvstod,49
ousahb,yrhvrh,41
xucnnr,ytaibm,10
uwbiik,ikxwwx,19
bwezrl,qgywxw,45
zsxlxu,lsiikt,7
hcwcjp,zfnrqc,34
nplqzi,tdmxqm,27
ixlmfq,krmpln,30
cydtlc,ygwoya,11
fqhtgw,ausepw,41
umjrwt,opqjdi,21
ktlrik,fdhual,41
cqcxei,kmiwgr,35
ibthef,itjiot,45
ulupmd,ginurl,33
sszmsz,njghbp,48
ugppol,gevzck,15
xdqjls,ipylgi,1
grhpkx,ipdbiq,17
gsemsb,zhkzid,32
nobxmk,ikzsdh,20
fevtxk,yhelnh,1
qslmqv,oglhub,3
adlyzy,ktllki,23
wgltqj,gajbfy,5
vxyugi,izmggv,27
fbomwv,znfcii,47
aunqtb,fgpozy,22
ivytxs,bitept,17
onwrfa,mohbgn,34
sjdecz,kvxuwy,33
xjprvk,ljjnqb,47
iphlcj,feotlb,42
naxjgv,sfraoe,49
hwkhlr,atihxn,48
sdbehn,umtoak,33
uedimm,jiylwv,29
rvpzhd,qqoxad,34
ldsvqk,lmknka,34
aabdix,dizhji,27
xqhtzs,gorhuf,48
wjobio,tjxxul,40
dunhyi,fujywu,13
ztarxu,iphuqx,23
smiaib,ddwory,41
eevaqa,lutmjo,46
qjarfk,mdohbn,42
kaxbre,oxhznc,25
xphokx,aoktvv,38
alilce,fwoyro,9
ofnhyf,gouwpn,1
xhvybb,igzanb,3
siacoo,dyiicc,19
edzifk,ilabwr,21
draval,wzlpkz,4
vimrso,vbfwaa,16
vcogfb,eepsas,12
fssscz,oombkv,32
yqfpth,mvxpjb,44
sdrzsd,ejmdnw,39
yzemxg,hcxfce,45
gmuobz,dylobg,26
spdyfp,ycjimk,7
btyphm,jmmknq,13
qcnwva,mpboww,30
asxdhj,fotxfh,26
topcnm,mxsfyn,26
nsvvnr,aoeizb,21
liilcr,vcfshn,28
jjmoxt,aldehv,34
pdxcqd,gazktk,47
usvoyt,ygmeaf,22
kieiws,amfsyl,48
bjkyby,vufhfk,4
spgxjo,dtsrci,38
ujarni,smndlz,26
ukossh,fxmahe,10
fpdper,wfwtje,35
pnupcw,wpmson,14
zqarbr,dakqqt,30
efuvbh,ffmhfs,48
fzttjh,rvuold,16
vdephh,dpnthb,13
qckiyf,lmmuan,12
sbxrlw,cogjln,12
vcdagn,hpyslr,14
sbhdcu,dclsjf,20
qthifz,lzdune,33
qckgus,qtlikh,28
ixhjzv,gzfelb,2
lwxxyf,atnibe,41
gypxpo,rjbiuc,27
sbglpr,sjvqea,40
hkuhwv,tpayww,28
nrwfef,pzsuga,44
ivbomc,pzqmgm,18
pzsezg,wzfgqt,34
ahysiz,wljlci,15
bmdvmh,lsivwk,34
ikdnyg,apspej,20
zkcxih,clzxwy,8
yknomy,tzcilc,40
awptvh,bvgvas,44
pkayjj,jelzjt,1
pczopc,prxzlt,25
kbqtmg,ucggtw,27
btizoj,chnhdl,30
htmkla,qgmarq,29
bcsaab,csydho,33
wageos,iezxml,47
eipikh,vaiugl,45
tdhyst,sdrmih,33
zhibky,vhwqod,23
nlaktt,xptfoc,29
xmkpyo,owdfjf,17
jtmwtg,iduyeg,4
euzpzi,nrzmzg,28
wrwmck,zrclkl,41
osybaz,tnledb,3
wvcfez,bfdcit,15
gmmzzp,fjathc,5
rufavf,yjkmsd,24
pechxh,sctxtg,16
febgej,dwufyz,17
orsuem,bhrulh,38
xevqkn,kihvgx,8
mfkbmi,pafpcg,11
qgcbpp,dodvhm,5
qbxupx,semhcr,8
cnuows,gropgn,10
hchvjv,rjqohj,22
uryfwc,anzhej,2
uocuqs,iieqsa,30
meqofr,hsjhrf,49
pubmqw,eajqyk,4
vfpfhk,ookfja,23
buumdq,bdccvd,19
wtxjra,mbxrhw,26
sntmos,goeyji,3
ikzuew,jcblyp,24
ilvezc,cjrael,43
duzcse,ucolpc,16
ioeoca,byddbj,15
xphwob,gcldzi,3
vdtopl,hzuimk,5
hltxaq,hylvbx,16
qgmswy,npwqey,47
txtkhh,ehglol,23
kyymoc,brmsjx,15
ktaohc,ddrzyi,41
hqroue,cazxrp,42
lbjdbc,anupsq,39
xvzpso,tmsmkc,20
oauufe,cqdsrz,50
mgsogj,etuigf,41
gzmpip,mcvzqr,39
nenepz,bdivzy,5
jytdon,zlfzin,28
wnabfr,xqojsb,2
elurbx,dxhoja,4
lcbvcv,vpjhqn,40
fcevit,xeyahw,26
pqnpsu,ilvdtw,10
ncldwm,drirvs,15
ijmvwi,cazgnv,48
boodmv,tuklxn,31
qsrozs,zkoenz,10
zmbtsl,vhtvxp,19
ofrutw,mmjacm,10
vnmozx,wkzdba,17
mkujxu,fjjcnu,9
wkrzto,veautt,48
panyzs,grxpen,10
ttnjxx,nbroiy,26
czdbhy,esghap,42
pcpxlm,tpkzle,22
yomuel,efpjam,43
mcmyxz,pulanb,19
zvxqdv,njebuw,24
stcfwu,gxxvxp,42
zmfbpg,mqwhgy,6
bxeyzu,zuffms,21
hxftcc,pqgvek,22
riqfyv,ktyrpv,40
cgnrwu,ncqjan,49
mqlbzk,sxxeam,45
mwurnn,qyddef,38
onmwjx,yuugdd,45
kscegl,oellvq,19
zpfoul,kglrgo,20
cgduhq,yqupjk,2
ncylsa,zadxcy,27
aepycu,tioqnc,48
weuxhh,akjwoc,0
obatwj,amktwb,43
ufdmjp,mjcijq,25
wrxxhs,dslroq,42
jtkcgy,drjwea,47
pnifky,zakzjk,28
jwdhte,ncbgxo,44
mcmfrm,otvksz,34
bownaf,kdyiwo,49
seephq,wzqnxh,44
mcdsfc,mmiabp,7
pcldqg,ffnlpc,5
gpjtvk,vkumqh,33
mflogw,fjpgjx,10
hfgohp,pjmmvi,8
ggckcw,jfwckj,46
aezhky,ekeesu,16
dgarxk,mgoifo,37
jkfgst,dwcbdi,15
syuuor,foefkl,48
pnhuyr,tqynlx,41
ncmfhs,tfudjw,13
kynyck,uasolb,4
lgwjwe,istibr,33
bizrtw,qfkmnx,44
vftpsw,hbpsjx,31
jgyvwz,vcegjb,9
vjzdaz,enftws,36
wjglrp,auapzq,24
uepvwd,kcxdim,3
qfpuli,rqyifh,40
enuwzm,saiweg,44
qoxeqz,rrezya,23
zanmbv,wfcoeh,26
ftaymk,zvylkc,35
fzjpwx,oxjmqn,4
ozxmjg,uenqps,38
yrmpgl,peafll,35
csowqj,fqthhh,29
ecwaiy,ahmqwe,49
fsmryf,hdnwxp,30
odvuma,gieeoj,31
xljdbt,nugjym,20
vgyuqk,yjpnfv,45
mtodyh,njvpry,12
ibrcip,umsvgg,11
msqbtz,pwrdjl,7
eogelg,aimmti,49
tezhdk,uwmsne,16
bkfkhz,djjsub,9
vgdlmg,lrjhqb,12
vmmtdc,kqlsai,31
lywfaq,ucztzj,30
nktojr,tpyjnv,0
joabtz,dlkkai,31
tglydw,pokatu,45
nwhukp,wcdfzl,16
xtognm,fcsgyo,18
sllehy,iywkjz,9
ovwxto,qijxci,34
xnkvwd,rlvdeh,5
alngej,ofkipw,40
ezcixy,hgoqfk,42
ebgmrl,hmmpkx,22
praafq,okcevy,18
ozkgqv,bstkhi,19
jnubls,rglhvo,17
bcoxax,jooeze,9
obuxrw,eyevpf,25
lwotcy,cxsvci,17
qesqau,jlgnao,7
xbfwnc,joefui,10
rovcpk,ymteec,49
tamuic,sypyjl,49
izuqqu,rvboqm,31
meggjh,qyypgo,37
zobpoj,pbrgjb,4
ygxkbr,ubpqft,21
zxdjoz,aavooa,6
kvfeea,iwbrpp,46
vzqhfo,rzvezb,34
xttzjs,xqmdxa,42
mtmozv,zwllpy,33
vxzbuc,abfcrr,1
zaiqdq,tuqcpo,30
fcecem,qynpws,27
gwxsce,qgiajn,30
psfcfp,pusevc,4
wtylrd,ttwcme,25
jmcgpo,kmtcrm,35
xgkfku,rpqwpe,33
dukpwi,wurkan,10
zobvup,skalfs,2
mkbemd,iurehj,26
mdbcye,fgisos,42
bwcavs,lklttl,24
iowgwf,nrmzwo,15
lsbmxo,qtmeba,9
aqoira,kvgxzc,30
pdhrmp,outuca,43
hoiiqb,hlsylm,11
htfoft,eiawnh,17
byuqqv,gwchnp,4
rfjxie,zehvvo,21
fehvmj,bcihen,22
enkclt,znlxuh,7
tzrcew,taqxwx,50
ywjlts,zqzarv,20
rkdxwj,weazag,50
zrexrg,qiskai,14
tkwbsl,gluksr,21
vhueyj,ikryae,26
efztjv,uiirat,1
hkcffh,ftjvtk,33
edlhrx,nkqkic,50
ajwose,lwceag,27
zbgprj,upyjrs,36
qocrbk,pqzkaf,14
etujzu,nunktp,7
kgpuds,jaiwub,34
nbwrxq,ycojco,25
hwwxew,xczcrb,38
hluurs,ibkshh,22
cjzjvg,bxhjns,24
vcuzqw,gifsgm,21
mrfacc,sfieeo,28
iierxs,ksvxei,39
myfnrm,fgrrzc,0
olzcuc,qoxjmk,41
epngai,rdudce,12
tvloph,achzug,3
rguort,eaikxi,47
sotbcq,tkehyo,46
scwfuv,vkjclx,31
qmgxyh,pwyonu,47
zopkeg,pqehir,49
apylwd,xtdizc,6
lgbelk,woeeaq,31
rqpvhr,afiwch,48
pecaen,chmibc,6
kmgnaq,lalzpq,29
ftjfee,sqguvu,4
niuplx,jjhtlz,14
rjvfzs,psjkti,26
ydnakc,cxwiwv,43
vjchfi,bemmkd,12
todnvv,ooerxy,32
eusmje,rcgakg,9
fingbu,kvnmjh,15
ctbbzz,suwxcx,34
vkvacq,zgprzr,6
ihfmmu,jzmtex,33
iuqmbl,hiibcj,36
nzcmhh,gzzxsv,38
swivdv,qliqga,20
tppaxp,exxzhv,30
igbmqy,ahkvjs,36
wunnfe,awhlsv,4
tmsuqt,mudwnl,36
ccjyal,pcwent,22
rnxjly,cuxqqa,24
pfbpen,fnpsgv,29
ixnpti,jhkiyy,12
nmhyja,whhneg,28
faxzbs,knbreg,30
kpsmae,tuovlv,40
vjftbf,wrmyxx,21
eolzcb,xjdpdd,50
jivcvo,obenwm,44
cfzfga,seogdr,37
afauzs,rjsakr,41
nkaicv,kjhhvd,8
dbhkiv,vpxkjw,21
ckwsjm,slzbbd,5
ayhjxo,gfgewd,42
obysaq,wiofou,34
aexjwo,vkmbaw,19
ugpwec,cflnic,14
vfccto,qryfia,33
abzrkt,skvtph,36
xzdczi,syzlrj,33
lugcfv,egyaas,11
pfgvgl,nfpxhh,39
efhpcp,lbofqx,1
duuvcj,aefokf,49
bhjplc,nixfom,48
ydzwca,epsqjb,17
crddek,pfmqpb,17
obryoy,dsjmtf,32
dakigs,qviuad,23
bqadir,udrhdb,41
auvwob,myriak,48
zgmtxu,ipqlyl,33
iatlwu,inpxqt,42
adgcbj,apnplo,24
xtnvst,wwqfco,43
javnhj,hhjjsc,45
ornctc,ernfbu,19
rkmmju,vrikxj,20
gnfgur,oavuff,38
dfyhxr,idbpjb,11
eqohwl,pnosax,42
vcsdbd,emssog,48
zrevsa,ilmjnd,14
pfmjzn,tfkcby,3
ecidks,aseqal,12
urkrbx,ublugg,12
dxonfc,fxedcv,39
vvdrtr,xigice,41
iolslj,jsboqk,19
omnliy,aizpxk,38
xdrkhg,xlrdcg,36
msyjka,rbudjw,15
hbgjso,ucsaxz,14
wzkbfo,gbxgah,10
mpxsyk,spikqa,39
vqzeiq,wrggom,28
wjefbt,ousgyb,22
outdmc,xmibit,17
basjfe,xrotpk,20
dfdpcz,ddtkmd,37
scsfii,fvxphi,12
tmjfgv,pzcquj,31
aelhlr,rgdukz,38
twmjsv,tooeoi,5
eebeon,uwxofv,17
ftmbkq,aagzvo,39
lswfjn,lfwldc,4
ardsmj,jgydim,5
sxcxcd,wnaqkw,22
yinfwf,rtlzcv,18
usyayb,bhdbtt,4
obceuf,eyjcpt,49
icgkwa,dtmdtp,48
ccnywf,jaqmwn,28
zgpcdb,kwgycu,31
tlsvph,dhaooh,49
masyxj,ofsnqx,40
dvhweg,kitixo,11
zaeowe,yrdqhb,49
jxhsth,hddpsq,27
sjzxvw,yxfgpe,28
qthlnv,bkaceu,6
ubjqnc,tnbsxe,41
chfnoj,hisqtc,16
pwacpc,yixgag,39
hnscgd,tqrqbm,7
ovshhf,ayfush,20
qkgjfm,siaosk,6
afzzeg,ublnmd,44
zzphko,htazyi,26
psatwk,uprath,23
ndxnah,hvsyty,22
wcvhxt,oujydd,23
fzgmth,vmzrvr,43
meakgn,hzjxyp,9
zjdemz,elcthz,28
tehqth,uypnua,4
zpmqxm,pdkolx,35
zhudmx,vfowjs,35
avbpvo,wbxpxy,29
rjxwlm,keaohr,37
grpawu,geniwo,5
orgfis,abbiub,13
xvscnj,niutnj,47
uoqqze,ptpzav,44
rifqlj,hejhtl,30
nxingn,nrrdvb,1
apiwwl,gczzac,45
qiqrll,xfjxzz,48
udgzjp,vrovpb,39
qhahyr,vizmhm,15
jnisuo,jsnbot,26
sauuqh,euwnkj,31
gpnfiz,twtimm,10
lwzbuv,mqbsbw,48
vynnhd,wfcpax,26
bgkiyt,btaxwq,46
bdcyps,jjnnjv,46
byboaz,wesyjt,44
nagijw,ahbiay,14
bgrvdh,dszciy,44
drchdb,oeeraf,14
rzfyoq,pkuuli,39
jknrvq,hsurco,28
irczlw,ewnasc,43
csfvvx,wfcodh,6
ncvxih,cuizaj,33
iyblzr,jrbypi,50
hbfiod,ttwxrw,2
ybbwhw,smaoxz,41
ddbnxa,owqqro,41
vsoplp,maejkk,25
veaeri,fgzuqa,17
fjilwz,jpynzq,2
evtvsu,jbbhnw,20
infnqz,vgnfch,35
xpeitg,kljwht,23
tiwplk,gaebtk,49
ibwnbu,fqdkpg,15
sxxylo,wnrjxr,39
iqgmbg,zhxkgh,3
kxuzzl,giusgi,21
ckzdyi,dedclp,36
lbovfq,eklnwt,43
podkrv,dpywnl,34
wkxqew,svzbbs,32
jnczpg,ezaaem,50
ugpxmj,jicudi,26
zsibcd,ajfswm,0
fyurnw,cbualk,43
fnoxrt,gcfcwd,25
ekndmv,maontd,29
rqmhkl,cwyrtz,10
fudaip,itrpsg,45
lbhjnz,ezwkte,29
avpkrh,bubivo,1
ugalwh,ebxrnk,38
ahtfld,tqmagu,8
zlsvdx,gqmfjy,0
bksxsf,zfbite,17
onousk,gzxudg,15
ogqakr,gyvwgd,32
dorqjn,fryejd,15
eyyfva,bhzgfn,9
lkuzkl,riuest,41
ryzqxw,xzrqif,22
ujgjcr,zvodzp,19
ocjfov,xhgpos,21
zruyvp,innnqj,41
quktmh,lqhfry,4
fzkfep,vmzlcp,10
yjxynh,gcchqj,33
hqbgfp,sqvtog,21
lrraws,tkvutd,2
clphce,mufumg,29
zoyokv,ibyvgz,31
zjoqfa,ayabbo,47
wvqtmh,oqxcqk,8
hvdnod,hscpav,24
xgflns,cocxba,33
ysofxs,htzwhs,17
vhhqal,bexcjy,33
xbtpjt,inhncp,20
pzqtol,hjdadb,24
nppefp,syfihi,5
cyikqj,rcatef,21
shznjw,azrzlc,37
xajejx,hiqjkd,27
zsigjf,zaykgu,36
osttpr,keumhp,31
apqrrr,sopwhp,46
fvxxve,ofjxer,45
