anclth,chvpmn,2
gteluj,fywarl,371
gjqlsz,ouoqsd,461
gteluj,aixwey,309
ouoqsd,jydgnv,19
efcwix,aixwey,454
xeazkp,wppqtt,349
yzcspr,kiqkic,479
yiagtz,rfkymn,69
stjaom,xeazkp,319
voplwu,yiagtz,271
uevmqi,wfvpyp,330
fwfpfo,txphek,394
gfejjy,rsrlaj,89
gfejjy,yfjvcs,228
gkwyya,ohdzpu,316
tjijfy,chvpmn,109
anclth,blbgma,320
iwscsi,osfcnk,425
fxfzhj,osdlxm,347
blbgma,voplwu,240
jydgnv,anclth,289
uevmqi,ugarrr,368
gzorcy,almxdg,337
efcwix,edkkjf,171
jonzan,wppqtt,320
unozpx,jydgnv,303
yiagtz,iasrfs,311
gjqlsz,xeazkp,155
jtqbaj,ihoppi,213
keqojc,bubzyb,348
twwjbn,ouoqsd,70
wekbmx,yxqrrl,96
stjaom,aexbop,6
kdmnhy,voplwu,35
ibsuge,fxfzhj,168
iasrfs,wfvpyp,259
kdmnhy,igkqws,334
yxqrrl,anclth,431
osdlxm,gkwyya,137
inwxhl,xeazkp,310
ohdzpu,ouoqsd,315
tjijfy,kochfq,459
iwscsi,xhwabr,424
rubris,ouoqsd,27
almxdg,aixwey,472
bgraol,txphek,422
kochfq,uxpqzl,356
srfhyn,pfvwhe,167
aexbop,fxfzhj,162
aixwey,bubzyb,426
almxdg,rfkymn,290
vrgeih,qujfxl,186
srfhyn,vwomyf,448
almxdg,wppqtt,255
inwxhl,fxfzhj,182
wekbmx,bgraol,224
gfejjy,iqvoze,376
otrcqz,odkulx,467
gfejjy,qujfxl,60
gfejjy,ccbyzn,199
pgjmtl,iwscsi,135
otrcqz,gfejjy,2
xeazkp,ouvdir,35
xhwabr,xeazkp,145
bgraol,uxpqzl,75
vqqktd,edkkjf,309
kochfq,vwomyf,104
anclth,fuxbxv,297
rubris,txzehm,163
tjijfy,dppzbq,113
kiqkic,voplwu,327
uxpqzl,almxdg,50
yfjvcs,ouvdir,482
ibsuge,xhwabr,93
ihoppi,fxfzhj,26
fywarl,vqqktd,379
otrcqz,bubzyb,39
tkdmmt,oeldbc,133
gkwyya,vrgeih,224
bgraol,keqojc,466
gjqlsz,zsvtdf,40
nneoga,sbfsfw,280
srfhyn,unozpx,427
srfhyn,ihoppi,130
txzehm,zsvtdf,86
cjhget,jyfepq,28
nneoga,lxyzxa,216
bubzyb,keqojc,201
odkulx,jonzan,231
arzbxf,edkkjf,385
zifmew,qyyvjp,5
uevmqi,vqqktd,391
vrgeih,qxeqwt,395
zyqsgu,gfejjy,186
ibsuge,osdlxm,46
pgjmtl,qyyvjp,80
jtqbaj,srfhyn,214
aexbop,rsrlaj,386
stjaom,gzorcy,346
jtqbaj,yzcspr,97
fxfzhj,kcgzxt,64
srfhyn,rubris,60
ouoqsd,fxfzhj,148
ouvdir,iqvoze,483
xbfucr,kdmnhy,390
cfbyvl,gkwyya,117
qxeqwt,xuhuqo,207
chvpmn,fwfpfo,260
zpgrun,cfbyvl,372
fywarl,oeldbc,376
iwscsi,wekbmx,442
txzehm,arzbxf,304
vqqktd,srqzcx,312
yfjvcs,bbdunn,161
blbgma,srfhyn,171
kaltet,ccbyzn,143
jydgnv,efcwix,387
epdxqh,unozpx,200
ouoqsd,rfkymn,80
oeldbc,unozpx,364
twwjbn,txzehm,218
chvpmn,txphek,127
ccbyzn,jonzan,29
zpgrun,qyyvjp,72
bwkema,iqvoze,368
srfhyn,txzehm,233
tkdmmt,srqzcx,418
igkqws,tkdmmt,260
tjijfy,yxqrrl,486
tjijfy,oeldbc,233
xhwabr,cjhget,401
ouvdir,kdmnhy,440
oeldbc,rfkymn,238
xeazkp,tkdmmt,121
txphek,xbfucr,410
bgraol,hiwilc,243
gzorcy,gkwyya,132
uxpqzl,efcwix,180
srqzcx,waacvc,167
nqjopm,xeazkp,496
wekbmx,qyyvjp,277
hiwilc,vqqktd,67
ihoppi,jonzan,122
jydgnv,ibsuge,62
oeldbc,fxfzhj,29
bubzyb,inwxhl,446
txzehm,kochfq,142
voplwu,keqojc,345
vqqktd,zyqsgu,381
nneoga,ccbyzn,287
iqvoze,ugarrr,59
fwfpfo,qxeqwt,466
chvpmn,bubzyb,391
ccbyzn,vwomyf,451
edkkjf,ccbyzn,120
rfkymn,usmhby,412
txzehm,qxeqwt,314
xhwabr,osdlxm,231
igkqws,bbdunn,43
bwkema,pgjmtl,482
qxeqwt,stjaom,198
gteluj,osdlxm,358
yzcspr,tjijfy,314
fuxbxv,lwayph,88
fxfzhj,inwxhl,129
lwayph,keqojc,430
uevmqi,vqqktd,189
iqvoze,odkulx,141
fxfzhj,arzbxf,478
sbfsfw,kaltet,405
twwjbn,kcgzxt,51
stjaom,uxpqzl,227
osfcnk,gjqlsz,379
iqvoze,osfcnk,480
yiagtz,uevmqi,437
yiagtz,twwjbn,53
xuhuqo,yxqrrl,19
rsrlaj,txzehm,179
voplwu,anclth,463
wfvpyp,otrcqz,406
xhwabr,wurlzl,297
ihoppi,pfvwhe,233
ouoqsd,vqqktd,419
jyfepq,zifmew,499
fywarl,kcgzxt,419
chvpmn,iasrfs,52
zpgrun,ouvdir,471
txzehm,kdmnhy,332
iwscsi,xuhuqo,323
wppqtt,yzcspr,154
gjqlsz,usmhby,433
fwfpfo,xuhuqo,273
fuxbxv,jonzan,426
bwkema,cjhget,461
cfbyvl,aixwey,476
cfbyvl,blbgma,301
keqojc,almxdg,446
stjaom,jonzan,323
cjhget,rsrlaj,172
