ibsuge,evvfmr,14
kcgzxt,cjyely,42
almxdg,iwrxth,23
qxeqwt,tjhzda,30
fywarl,zwjvsl,9
wfvpyp,uzlojq,24
cfbyvl,upvwvr,49
bgraol,somoum,35
rubris,yosdut,45
zifmew,judafz,6
wurlzl,cngdtx,20
yiagtz,loxjft,21
wppqtt,gphkhg,0
anclth,kdytle,14
qyyvjp,nerrli,27
oeldbc,ubktzj,27
gjqlsz,smbvff,8
zsvtdf,vysvtb,50
tkdmmt,dcqcjk,30
gzorcy,iaxyni,44
vrgeih,jkveow,31
lxyzxa,jfinnl,24
ccbyzn,yvomzc,21
ouoqsd,whqsbv,7
xuhuqo,yzgixx,0
hiwilc,ryodqy,22
uxpqzl,phbrvd,34
uevmqi,wtptrm,35
ugarrr,bkpagy,39
aexbop,aoroyf,45
lwayph,tcptdl,45
edkkjf,usvsbr,14
osdlxm,urdaol,9
fuxbxv,qnbcpx,28
fxfzhj,bzqyxz,46
xhwabr,alovhh,26
epdxqh,lrtnpg,37
jonzan,sdbbpk,16
kiqkic,qgfdbl,39
efcwix,zevnaa,33
unozpx,hnjgqv,37
osfcnk,dxwzrs,40
iasrfs,fmceyf,20
cjhget,iabyog,1
txzehm,mnujsq,31
tjijfy,mdtlap,28
yfjvcs,gsgbdi,7
vqqktd,pkvtwj,24
nqjopm,qxmbxj,26
usmhby,hygfzu,45
stjaom,vudenm,6
rsrlaj,mtbrdn,26
qujfxl,prjfwz,13
kdmnhy,gzschu,30
igkqws,ayhaft,50
nneoga,ovdafo,37
wekbmx,nwpfjz,34
bubzyb,hydcpu,40
gteluj,xwadin,29
dppzbq,gfsqso,8
inwxhl,sioasu,9
srfhyn,yaoolk,10
iwscsi,ccfmuz,22
voplwu,mkmkwr,17
yxqrrl,xzufzu,1
bwkema,fmetab,39
arzbxf,dynrru,42
xeazkp,qlpmcg,2
kochfq,pwihuq,15
ihoppi,sovjzt,47
jtqbaj,uatcki,33
ohdzpu,fkuuuv,43
vwomyf,jghsnc,5
odkulx,lwfbxg,40
jyfepq,ilmupi,29
pgjmtl,lwjvia,23
ouvdir,udpqmd,46
srqzcx,hlaspa,48
kaltet,twzkrh,23
blbgma,vlqfgd,17
zyqsgu,aoadxe,22
txphek,ewyguq,45
yzcspr,mgchnr,46
chvpmn,ltugqv,17
waacvc,dfkgxe,44
bbdunn,bwdxxi,21
iqvoze,kbmunf,47
sbfsfw,fyiorq,0
jydgnv,jdrkyc,14
gkwyya,nsrdpl,35
aixwey,pyvpth,3
zpgrun,hrbdkm,38
fwfpfo,cleaxi,0
rfkymn,mxtjdc,2
gfejjy,kooydx,39
xbfucr,bkjeub,14
twwjbn,trhbjp,17
pfvwhe,uotmpc,37
keqojc,vttiku,40
otrcqz,rkennf,11
